Date,Open,High,Low,Close,Volume,Adj Close
2005-12-30,5446.790039,5446.790039,5385.069824,5408.259766,000,5408.259766
2005-12-29,5464.00,5469.959961,5447.129883,5458.580078,000,5458.580078
2005-12-28,5437.279785,5460.390137,5432.299805,5447.149902,000,5447.149902
2005-12-27,5422.069824,5454.509766,5419.549805,5444.839844,000,5444.839844
2005-12-23,5410.089844,5425.620117,5405.919922,5419.049805,000,5419.049805
2005-12-22,5390.009766,5403.129883,5387.459961,5398.279785,000,5398.279785
2005-12-21,5367.810059,5400.330078,5367.680176,5397.22998,000,5397.22998
2005-12-20,5331.819824,5365.600098,5322.830078,5356.600098,000,5356.600098
2005-12-19,5342.930176,5357.669922,5336.27002,5350.180176,000,5350.180176
2005-12-16,5303.319824,5356.669922,5302.680176,5353.660156,000,5353.660156
2005-12-15,5294.859863,5304.569824,5279.330078,5295.819824,000,5295.819824
2005-12-14,5315.160156,5321.109863,5274.970215,5286.759766,000,5286.759766
2005-12-13,5305.660156,5313.200195,5285.669922,5310.279785,000,5310.279785
2005-12-12,5316.459961,5331.060059,5290.910156,5301.209961,000,5301.209961
2005-12-09,5268.279785,5294.379883,5262.040039,5282.129883,000,5282.129883
2005-12-08,5230.830078,5286.75,5222.240234,5286.75,000,5286.75
2005-12-07,5292.50,5308.790039,5248.72998,5266.75,000,5266.75
2005-12-06,5271.350098,5309.930176,5267.709961,5300.850098,000,5300.850098
2005-12-05,5303.919922,5306.089844,5251.859863,5266.859863,000,5266.859863
2005-12-02,5292.200195,5307.990234,5275.299805,5307.990234,000,5307.990234
2005-12-01,5210.540039,5266.620117,5208.490234,5266.549805,000,5266.549805
2005-11-30,5183.779785,5209.560059,5166.390137,5193.399902,000,5193.399902
2005-11-29,5167.370117,5218.430176,5155.339844,5199.47998,000,5199.47998
2005-11-28,5218.279785,5241.00,5167.910156,5176.589844,000,5176.589844
2005-11-25,5186.910156,5194.310059,5178.649902,5194.27002,000,5194.27002
2005-11-24,5193.149902,5204.140137,5171.560059,5187.97998,000,5187.97998
2005-11-23,5194.549805,5203.379883,5172.790039,5196.080078,000,5196.080078
2005-11-22,5178.959961,5182.72998,5161.350098,5174.720215,000,5174.720215
2005-11-21,5140.350098,5179.549805,5127.069824,5170.609863,000,5170.609863
2005-11-18,5129.120117,5162.509766,5108.930176,5123.50,000,5123.50
2005-11-17,5097.669922,5130.209961,5089.669922,5099.720215,000,5099.720215
2005-11-16,5108.060059,5114.660156,5063.859863,5081.459961,000,5081.459961
2005-11-15,5082.379883,5115.649902,5074.47998,5110.609863,000,5110.609863
2005-11-14,5083.27002,5106.97998,5075.629883,5092.430176,000,5092.430176
2005-11-11,5046.22998,5092.799805,5046.22998,5090.75,000,5090.75
2005-11-10,5024.060059,5047.839844,5003.109863,5015.549805,000,5015.549805
2005-11-09,5018.25,5031.870117,4999.120117,5011.379883,000,5011.379883
2005-11-08,5033.430176,5047.509766,4993.669922,5008.830078,000,5008.830078
2005-11-07,4994.540039,5033.990234,4983.75,5024.200195,000,5024.200195
2005-11-04,5004.279785,5013.950195,4976.290039,4995.240234,000,4995.240234
2005-11-03,4973.040039,5013.75,4966.330078,5011.00,000,5011.00
2005-11-02,4921.109863,4954.830078,4891.620117,4954.830078,000,4954.830078
2005-11-01,4922.910156,4938.390137,4907.689941,4922.549805,000,4922.549805
2005-10-31,4854.589844,4930.919922,4854.589844,4929.069824,000,4929.069824
2005-10-28,4802.660156,4835.490234,4762.75,4825.640137,000,4825.640137
2005-10-27,4878.350098,4878.350098,4793.100098,4806.049805,000,4806.049805
2005-10-26,4877.029785,4914.939941,4866.569824,4900.790039,000,4900.790039
2005-10-25,4918.040039,4930.890137,4871.890137,4872.970215,000,4872.970215
2005-10-24,4838.25,4905.459961,4836.410156,4901.790039,000,4901.790039
2005-10-21,4846.799805,4870.810059,4831.75,4838.399902,000,4838.399902
2005-10-20,4903.97998,4931.950195,4852.560059,4864.25,000,4864.25
2005-10-19,4902.220215,4902.220215,4825.959961,4845.97998,000,4845.97998
2005-10-18,4982.299805,4993.189941,4943.189941,4947.180176,000,4947.180176
2005-10-17,4987.660156,4999.00,4965.629883,4978.830078,000,4978.830078
2005-10-14,4954.370117,4988.50,4933.160156,4975.560059,000,4975.560059
2005-10-13,4977.740234,4993.580078,4929.109863,4950.069824,000,4950.069824
2005-10-12,5005.25,5017.870117,4955.819824,4981.77002,000,4981.77002
2005-10-11,5020.299805,5065.169922,5020.299805,5032.459961,000,5032.459961
2005-10-10,5027.279785,5057.129883,5006.569824,5022.790039,000,5022.790039
2005-10-07,5004.129883,5032.660156,4984.450195,5007.77002,000,5007.77002
2005-10-06,5037.50,5037.50,4980.620117,5017.27002,000,5017.27002
2005-10-05,5111.660156,5111.660156,5067.209961,5069.419922,000,5069.419922
2005-10-04,5084.700195,5138.02002,5064.799805,5138.02002,000,5138.02002
2005-10-03,5060.990234,5083.560059,5050.220215,5082.069824,000,5082.069824
2005-09-30,5055.859863,5061.839844,5021.140137,5044.120117,000,5044.120117
2005-09-29,5050.870117,5059.859863,5003.97998,5021.169922,000,5021.169922
2005-09-28,4983.640137,5052.350098,4983.640137,5048.740234,000,5048.740234
2005-09-27,4979.839844,4992.629883,4957.290039,4965.879883,000,4965.879883
2005-09-26,4938.180176,5000.169922,4938.180176,4998.160156,000,4998.160156
2005-09-23,4867.040039,4887.459961,4855.580078,4882.580078,000,4882.580078
2005-09-22,4857.509766,4872.529785,4827.859863,4849.009766,000,4849.009766
2005-09-21,4933.560059,4933.560059,4870.700195,4875.220215,000,4875.220215
2005-09-20,4934.029785,4967.310059,4927.97998,4962.859863,000,4962.859863
2005-09-19,4928.140137,4948.899902,4872.640137,4926.129883,000,4926.129883
2005-09-16,4913.740234,5001.790039,4911.740234,4986.50,000,4986.50
2005-09-15,4903.850098,4925.209961,4888.790039,4905.97998,000,4905.97998
2005-09-14,4906.910156,4934.609863,4888.029785,4911.169922,000,4911.169922
2005-09-13,4989.720215,4993.299805,4899.319824,4901.879883,000,4901.879883
2005-09-12,5028.490234,5035.390137,4979.850098,4989.97998,000,4989.97998
2005-09-09,4999.109863,5020.470215,4971.240234,5005.930176,000,5005.930176
2005-09-08,4990.060059,4999.419922,4967.959961,4992.75,000,4992.75
2005-09-07,4977.919922,5004.22998,4967.680176,4988.140137,000,4988.140137
2005-09-06,4903.390137,4969.419922,4901.899902,4968.279785,000,4968.279785
2005-09-05,4853.600098,4909.890137,4850.529785,4909.890137,000,4909.890137
2005-09-02,4841.379883,4861.930176,4819.100098,4837.810059,000,4837.810059
2005-09-01,4846.660156,4874.890137,4816.669922,4842.939941,000,4842.939941
2005-08-31,4795.299805,4834.899902,4791.470215,4829.689941,000,4829.689941
2005-08-30,4828.069824,4837.22998,4784.569824,4791.720215,000,4791.720215
2005-08-29,4756.680176,4815.97998,4726.330078,4812.240234,000,4812.240234
2005-08-26,4860.209961,4878.919922,4783.799805,4783.799805,000,4783.799805
2005-08-25,4886.350098,4886.350098,4847.899902,4856.009766,000,4856.009766
2005-08-24,4907.160156,4920.850098,4874.52002,4915.950195,000,4915.950195
2005-08-23,4925.359863,4931.740234,4897.140137,4917.740234,000,4917.740234
2005-08-22,4933.740234,4954.410156,4929.189941,4941.689941,000,4941.689941
2005-08-19,4854.890137,4930.830078,4851.879883,4929.910156,000,4929.910156
2005-08-18,4876.600098,4884.140137,4834.160156,4851.27002,000,4851.27002
2005-08-17,4872.330078,4881.299805,4841.339844,4871.459961,000,4871.459961
2005-08-16,4939.72998,4953.459961,4875.919922,4883.810059,000,4883.810059
2005-08-15,4935.220215,4951.330078,4916.089844,4922.339844,000,4922.339844
2005-08-12,4969.240234,4972.72998,4929.779785,4937.330078,000,4937.330078
2005-08-11,4966.640137,4981.109863,4938.149902,4953.930176,000,4953.930176
2005-08-10,4920.77002,4990.569824,4920.77002,4990.569824,000,4990.569824
2005-08-09,4835.830078,4909.47998,4835.350098,4909.47998,000,4909.47998
2005-08-08,4837.049805,4862.27002,4827.299805,4837.859863,000,4837.859863
2005-08-05,4856.629883,4868.200195,4827.180176,4827.180176,000,4827.180176
2005-08-04,4922.589844,4930.399902,4870.430176,4874.060059,000,4874.060059
2005-08-03,4930.410156,4934.939941,4901.509766,4923.120117,000,4923.120117
2005-08-02,4894.459961,4933.399902,4894.220215,4932.870117,000,4932.870117
2005-08-01,4882.390137,4912.390137,4878.169922,4890.850098,000,4890.850098
2005-07-29,4896.459961,4913.02002,4874.779785,4886.50,000,4886.50
2005-07-28,4870.069824,4900.290039,4859.939941,4892.50,000,4892.50
2005-07-27,4844.060059,4858.640137,4839.77002,4855.350098,000,4855.350098
2005-07-26,4835.790039,4858.240234,4827.890137,4843.490234,000,4843.490234
2005-07-25,4843.689941,4853.029785,4819.419922,4842.700195,000,4842.700195
2005-07-22,4826.149902,4852.359863,4815.410156,4836.899902,000,4836.899902
2005-07-21,4803.77002,4865.720215,4803.290039,4829.870117,000,4829.870117
2005-07-20,4759.509766,4785.919922,4757.560059,4784.50,000,4784.50
2005-07-19,4725.720215,4770.540039,4719.290039,4770.540039,000,4770.540039
2005-07-18,4717.589844,4732.700195,4705.290039,4719.569824,000,4719.569824
2005-07-15,4702.00,4723.649902,4691.200195,4712.899902,000,4712.899902
2005-07-14,4686.799805,4715.470215,4686.799805,4699.27002,000,4699.27002
2005-07-13,4656.910156,4682.819824,4655.919922,4679.890137,000,4679.890137
2005-07-12,4661.77002,4666.080078,4637.620117,4653.029785,000,4653.029785
2005-07-11,4616.359863,4663.379883,4616.359863,4663.379883,000,4663.379883
2005-07-08,4560.430176,4597.970215,4559.569824,4597.970215,000,4597.970215
2005-07-07,4595.22998,4595.22998,4444.939941,4530.180176,000,4530.180176
2005-07-06,4607.569824,4636.959961,4607.569824,4615.490234,000,4615.490234
2005-07-05,4621.419922,4624.080078,4578.080078,4603.649902,000,4603.649902
2005-07-04,4620.859863,4627.350098,4610.310059,4623.410156,000,4623.410156
2005-07-01,4584.439941,4623.799805,4579.509766,4617.069824,000,4617.069824
2005-06-30,4577.560059,4607.209961,4576.029785,4586.279785,000,4586.279785
2005-06-29,4569.290039,4597.160156,4560.080078,4583.629883,000,4583.629883
2005-06-28,4530.790039,4557.459961,4528.419922,4557.459961,000,4557.459961
2005-06-27,4547.27002,4547.27002,4517.439941,4523.819824,000,4523.819824
2005-06-24,4602.350098,4602.350098,4561.370117,4566.47998,000,4566.47998
2005-06-23,4624.790039,4637.339844,4604.189941,4627.47998,000,4627.47998
2005-06-22,4610.410156,4635.709961,4599.169922,4619.600098,000,4619.600098
2005-06-21,4600.149902,4615.870117,4594.97998,4608.109863,000,4608.109863
2005-06-20,4601.990234,4603.100098,4560.490234,4586.859863,000,4586.859863
2005-06-17,4588.200195,4623.580078,4585.029785,4604.569824,000,4604.569824
2005-06-16,4563.75,4585.790039,4554.419922,4579.870117,000,4579.870117
2005-06-15,4601.470215,4608.290039,4537.910156,4548.419922,000,4548.419922
2005-06-14,4593.810059,4598.810059,4579.319824,4591.689941,000,4591.689941
2005-06-13,4597.330078,4604.25,4567.089844,4599.209961,000,4599.209961
2005-06-10,4580.910156,4601.049805,4571.319824,4586.100098,000,4586.100098
2005-06-09,4550.919922,4568.200195,4535.509766,4562.75,000,4562.75
2005-06-08,4552.089844,4567.129883,4543.75,4557.290039,000,4557.290039
2005-06-07,4507.609863,4570.430176,4507.609863,4566.009766,000,4566.009766
2005-06-06,4514.589844,4521.890137,4490.120117,4497.259766,000,4497.259766
2005-06-03,4544.72998,4551.890137,4501.169922,4510.390137,000,4510.390137
2005-06-02,4521.709961,4542.830078,4515.040039,4532.169922,000,4532.169922
2005-06-01,4467.319824,4530.069824,4467.040039,4527.169922,000,4527.169922
2005-05-31,4480.00,4480.680176,4459.200195,4460.629883,000,4460.629883
2005-05-30,4445.209961,4482.02002,4440.359863,4480.430176,000,4480.430176
2005-05-27,4442.660156,4453.009766,4431.589844,4444.709961,000,4444.709961
2005-05-26,4391.580078,4442.939941,4389.290039,4436.600098,000,4436.600098
2005-05-25,4393.430176,4404.560059,4377.319824,4389.540039,000,4389.540039
2005-05-24,4412.419922,4413.589844,4382.910156,4396.640137,000,4396.640137
2005-05-23,4383.02002,4410.72998,4374.490234,4406.950195,000,4406.950195
2005-05-20,4358.660156,4379.569824,4351.330078,4360.680176,000,4360.680176
2005-05-19,4338.169922,4364.410156,4337.529785,4360.419922,000,4360.419922
2005-05-18,4273.990234,4326.209961,4268.629883,4324.600098,000,4324.600098
2005-05-17,4274.290039,4276.930176,4232.669922,4251.77002,000,4251.77002
2005-05-16,4266.819824,4273.879883,4251.990234,4262.180176,000,4262.180176
2005-05-13,4255.620117,4275.810059,4241.669922,4275.700195,000,4275.700195
2005-05-12,4265.220215,4280.689941,4255.379883,4267.049805,000,4267.049805
2005-05-11,4246.879883,4273.279785,4232.399902,4244.160156,000,4244.160156
2005-05-10,4299.640137,4306.180176,4245.259766,4251.129883,000,4251.129883
2005-05-09,4305.689941,4306.319824,4277.640137,4292.410156,000,4292.410156
2005-05-06,4297.140137,4314.97998,4276.160156,4311.060059,000,4311.060059
2005-05-05,4271.029785,4306.149902,4271.029785,4299.509766,000,4299.509766
2005-05-04,4249.189941,4264.799805,4225.209961,4264.350098,000,4264.350098
2005-05-03,4229.990234,4245.669922,4218.060059,4245.540039,000,4245.540039
2005-05-02,4208.629883,4235.640137,4205.049805,4224.02002,000,4224.02002
2005-04-29,4163.22998,4208.319824,4159.660156,4184.839844,000,4184.839844
2005-04-28,4204.720215,4215.350098,4159.870117,4178.100098,000,4178.100098
2005-04-27,4219.649902,4219.649902,4157.509766,4189.02002,000,4189.02002
2005-04-26,4247.049805,4247.470215,4209.950195,4233.759766,000,4233.759766
2005-04-25,4214.970215,4249.859863,4204.930176,4246.959961,000,4246.959961
2005-04-22,4210.180176,4235.399902,4208.75,4223.040039,000,4223.040039
2005-04-21,4160.259766,4210.819824,4159.950195,4193.700195,000,4193.700195
2005-04-20,4215.189941,4224.209961,4166.529785,4178.620117,000,4178.620117
2005-04-19,4211.259766,4225.560059,4192.330078,4204.609863,000,4204.609863
2005-04-18,4266.27002,4266.27002,4182.859863,4202.200195,000,4202.200195
2005-04-15,4381.450195,4384.509766,4309.25,4312.25,000,4312.25
2005-04-14,4385.609863,4422.879883,4380.870117,4402.049805,000,4402.049805
2005-04-13,4395.339844,4410.950195,4393.060059,4405.689941,000,4405.689941
2005-04-12,4395.879883,4401.799805,4366.25,4372.120117,000,4372.120117
2005-04-11,4388.810059,4406.109863,4380.47998,4396.089844,000,4396.089844
2005-04-08,4399.439941,4413.240234,4393.430176,4400.680176,000,4400.680176
2005-04-07,4368.350098,4394.180176,4354.779785,4389.52002,000,4389.52002
2005-04-06,4373.160156,4379.180176,4360.810059,4379.180176,000,4379.180176
2005-04-05,4356.620117,4366.709961,4352.850098,4362.609863,000,4362.609863
2005-04-04,4355.839844,4357.970215,4323.240234,4341.390137,000,4341.390137
2005-04-01,4348.029785,4393.200195,4347.529785,4373.529785,000,4373.529785
2005-03-31,4369.27002,4376.27002,4344.629883,4348.77002,000,4348.77002
2005-03-30,4325.970215,4347.52002,4320.009766,4347.52002,000,4347.52002
2005-03-29,4331.959961,4352.149902,4308.919922,4351.890137,000,4351.890137
2005-03-24,4325.240234,4347.720215,4315.72998,4343.600098,000,4343.600098
2005-03-23,4291.379883,4325.200195,4275.549805,4317.200195,000,4317.200195
2005-03-22,4301.240234,4323.959961,4281.75,4320.689941,000,4320.689941
2005-03-21,4322.470215,4336.810059,4295.390137,4296.359863,000,4296.359863
2005-03-18,4316.930176,4339.50,4310.459961,4327.180176,000,4327.180176
2005-03-17,4307.72998,4322.819824,4295.700195,4315.919922,000,4315.919922
2005-03-16,4378.959961,4384.77002,4301.379883,4309.109863,000,4309.109863
2005-03-15,4370.379883,4392.169922,4369.839844,4387.689941,000,4387.689941
2005-03-14,4353.72998,4371.279785,4340.02002,4367.299805,000,4367.299805
2005-03-11,4359.930176,4379.939941,4353.560059,4360.490234,000,4360.490234
2005-03-10,4358.290039,4365.410156,4330.209961,4337.680176,000,4337.680176
2005-03-09,4395.240234,4428.540039,4365.22998,4375.600098,000,4375.600098
2005-03-08,4417.109863,4422.890137,4388.109863,4396.50,000,4396.50
2005-03-07,4424.77002,4435.310059,4417.560059,4428.089844,000,4428.089844
2005-03-04,4380.72998,4424.279785,4373.299805,4423.52002,000,4423.52002
2005-03-03,4378.720215,4399.879883,4371.649902,4373.27002,000,4373.27002
2005-03-02,4374.950195,4396.669922,4363.859863,4393.430176,000,4393.430176
2005-03-01,4345.240234,4388.419922,4335.040039,4383.620117,000,4383.620117
2005-02-28,4360.339844,4375.799805,4346.240234,4350.490234,000,4350.490234
2005-02-25,4327.700195,4352.160156,4327.100098,4348.640137,000,4348.640137
2005-02-24,4304.740234,4311.680176,4288.620117,4304.290039,000,4304.290039
2005-02-23,4293.649902,4310.660156,4276.009766,4310.660156,000,4310.660156
2005-02-22,4347.299805,4350.100098,4304.549805,4323.209961,000,4323.209961
2005-02-21,4363.209961,4373.149902,4342.209961,4353.339844,000,4353.339844
2005-02-18,4363.470215,4387.47998,4351.02002,4359.470215,000,4359.470215
2005-02-17,4370.319824,4387.899902,4359.629883,4369.680176,000,4369.680176
2005-02-16,4392.790039,4392.790039,4348.660156,4368.77002,000,4368.77002
2005-02-15,4386.330078,4409.089844,4377.299805,4402.029785,000,4402.029785
2005-02-14,4395.370117,4398.790039,4372.52002,4386.399902,000,4386.399902
2005-02-11,4355.220215,4391.790039,4355.220215,4387.799805,000,4387.799805
2005-02-10,4362.540039,4367.910156,4338.959961,4342.009766,000,4342.009766
2005-02-09,4373.47998,4387.220215,4344.459961,4353.149902,000,4353.149902
2005-02-08,4369.069824,4376.600098,4356.450195,4371.390137,000,4371.390137
2005-02-07,4342.75,4373.899902,4342.75,4366.350098,000,4366.350098
2005-02-04,4295.390137,4340.27002,4295.25,4339.279785,000,4339.279785
2005-02-03,4297.160156,4302.399902,4273.419922,4281.640137,000,4281.640137
2005-02-02,4282.549805,4300.049805,4279.899902,4296.310059,000,4296.310059
2005-02-01,4256.649902,4281.049805,4249.689941,4279.970215,000,4279.970215
2005-01-31,4211.859863,4258.410156,4211.859863,4254.850098,000,4254.850098
2005-01-28,4225.359863,4235.339844,4188.209961,4201.810059,000,4201.810059
2005-01-27,4209.930176,4224.299805,4185.629883,4216.410156,000,4216.410156
2005-01-26,4235.799805,4245.080078,4211.609863,4214.120117,000,4214.120117
2005-01-25,4193.540039,4241.339844,4189.509766,4233.950195,000,4233.950195
2005-01-24,4195.370117,4201.890137,4160.830078,4201.890137,000,4201.890137
2005-01-21,4213.279785,4221.830078,4198.339844,4213.700195,000,4213.700195
2005-01-20,4230.740234,4230.740234,4198.939941,4220.430176,000,4220.430176
2005-01-19,4259.669922,4269.72998,4241.040039,4245.549805,000,4245.549805
2005-01-18,4239.540039,4256.220215,4207.740234,4250.709961,000,4250.709961
2005-01-17,4235.939941,4254.379883,4235.939941,4245.509766,000,4245.509766
2005-01-14,4191.140137,4236.089844,4191.140137,4232.359863,000,4232.359863
2005-01-13,4218.209961,4234.089844,4200.620117,4212.140137,000,4212.140137
2005-01-12,4257.640137,4258.339844,4193.240234,4208.819824,000,4208.819824
2005-01-11,4305.859863,4314.379883,4247.779785,4258.009766,000,4258.009766
2005-01-10,4311.859863,4324.379883,4291.25,4307.370117,000,4307.370117
2005-01-07,4297.990234,4325.77002,4288.259766,4316.399902,000,4316.399902
2005-01-06,4260.370117,4300.990234,4260.370117,4300.939941,000,4300.939941
2005-01-05,4262.209961,4274.649902,4242.069824,4258.240234,000,4258.240234
2005-01-04,4281.629883,4306.689941,4276.549805,4290.50,000,4290.50
2005-01-03,4260.919922,4310.299805,4251.370117,4291.529785,000,4291.529785
2004-12-30,4254.379883,4261.959961,4251.060059,4256.080078,21565400,4256.080078
2004-12-29,4270.560059,4272.180176,4240.02002,4247.75,000,4247.75
2004-12-28,4253.810059,4262.049805,4242.589844,4261.790039,000,4261.790039
2004-12-27,4254.410156,4262.240234,4235.359863,4235.359863,000,4235.359863
2004-12-23,4234.049805,4253.680176,4234.049805,4251.620117,000,4251.620117
2004-12-22,4232.439941,4252.200195,4229.830078,4241.279785,000,4241.279785
2004-12-21,4201.430176,4221.609863,4199.419922,4214.390137,000,4214.390137
2004-12-20,4178.169922,4227.689941,4176.379883,4211.549805,000,4211.549805
2004-12-17,4235.779785,4241.819824,4173.589844,4182.27002,000,4182.27002
2004-12-16,4216.359863,4235.779785,4216.049805,4233.709961,000,4233.709961
2004-12-15,4239.390137,4243.759766,4211.930176,4213.689941,000,4213.689941
2004-12-14,4234.359863,4250.049805,4224.180176,4231.299805,000,4231.299805
2004-12-13,4189.339844,4228.990234,4188.209961,4219.240234,000,4219.240234
2004-12-10,4167.540039,4182.959961,4153.410156,4174.549805,000,4174.549805
2004-12-09,4197.950195,4206.609863,4131.240234,4150.410156,000,4150.410156
2004-12-08,4185.069824,4213.430176,4172.549805,4201.350098,000,4201.350098
2004-12-07,4197.50,4231.459961,4192.279785,4212.620117,000,4212.620117
2004-12-06,4199.25,4204.439941,4184.359863,4193.910156,000,4193.910156
2004-12-03,4225.379883,4233.52002,4191.100098,4208.870117,000,4208.870117
2004-12-02,4202.720215,4227.830078,4186.330078,4216.399902,000,4216.399902
2004-12-01,4108.549805,4187.709961,4107.620117,4186.029785,000,4186.029785
2004-11-30,4161.620117,4165.52002,4113.47998,4126.00,000,4126.00
2004-11-29,4160.890137,4219.049805,4146.97998,4146.97998,000,4146.97998
2004-11-26,4147.029785,4159.129883,4135.529785,4154.27002,000,4154.27002
2004-11-25,4137.060059,4161.549805,4131.129883,4160.350098,000,4160.350098
2004-11-24,4140.25,4140.25,4114.27002,4125.299805,000,4125.299805
2004-11-23,4143.720215,4160.220215,4107.399902,4113.370117,000,4113.370117
2004-11-22,4115.910156,4123.97998,4088.590088,4123.97998,000,4123.97998
2004-11-19,4179.759766,4202.450195,4133.220215,4134.890137,000,4134.890137
2004-11-18,4167.149902,4191.040039,4160.279785,4178.680176,000,4178.680176
2004-11-17,4126.600098,4183.410156,4116.209961,4183.410156,000,4183.410156
2004-11-16,4139.490234,4144.02002,4106.870117,4117.220215,000,4117.220215
2004-11-15,4162.930176,4171.97998,4130.109863,4134.339844,000,4134.339844
2004-11-12,4149.009766,4162.370117,4135.879883,4143.350098,000,4143.350098
2004-11-11,4081.060059,4141.149902,4078.090088,4130.810059,000,4130.810059
2004-11-10,4074.429932,4103.509766,4074.429932,4089.129883,000,4089.129883
2004-11-09,4075.629883,4086.060059,4058.98999,4065.330078,000,4065.330078
2004-11-08,4063.830078,4081.01001,4051.610107,4068.969971,000,4068.969971
2004-11-05,4075.01001,4111.779785,4048.050049,4063.580078,000,4063.580078
2004-11-04,4032.610107,4041.379883,4013.870117,4041.379883,000,4041.379883
2004-11-03,4061.409912,4073.530029,4028.23999,4039.040039,000,4039.040039
2004-11-02,4017.830078,4042.360107,4010.600098,4037.570068,000,4037.570068
2004-11-01,3961.179932,4017.850098,3959.25,4012.639893,000,4012.639893
2004-10-29,3965.00,3994.189941,3950.300049,3960.25,000,3960.25
2004-10-28,3951.699951,3975.820068,3947.929932,3959.590088,000,3959.590088
2004-10-27,3882.02002,3929.030029,3866.169922,3929.030029,000,3929.030029
2004-10-26,3861.50,3870.889893,3843.580078,3862.26001,000,3862.26001
2004-10-25,3880.47998,3880.47998,3838.97998,3854.409912,000,3854.409912
2004-10-22,3932.620117,3968.469971,3924.429932,3935.139893,000,3935.139893
2004-10-21,3929.360107,3947.100098,3894.879883,3934.060059,000,3934.060059
2004-10-20,3918.360107,3918.360107,3889.719971,3912.399902,000,3912.399902
2004-10-19,3944.73999,3983.449951,3944.73999,3964.129883,000,3964.129883
2004-10-18,3926.51001,3937.399902,3897.610107,3915.169922,000,3915.169922
2004-10-15,3937.209961,3937.209961,3897.47998,3922.110107,000,3922.110107
2004-10-14,3961.340088,3961.340088,3928.899902,3940.459961,000,3940.459961
2004-10-13,3968.50,4015.699951,3968.50,3976.030029,000,3976.030029
2004-10-12,4011.219971,4011.219971,3943.73999,3957.600098,000,3957.600098
2004-10-11,4011.830078,4026.98999,4004.929932,4017.820068,000,4017.820068
2004-10-08,4028.790039,4065.97998,4001.52002,4015.540039,000,4015.540039
2004-10-07,4062.939941,4077.330078,4034.26001,4043.360107,000,4043.360107
2004-10-06,4046.300049,4062.189941,4030.73999,4049.659912,000,4049.659912
2004-10-05,4034.300049,4078.50,4023.75,4048.709961,000,4048.709961
2004-10-04,4005.639893,4059.27002,4005.639893,4033.280029,000,4033.280029
2004-10-01,3895.149902,3996.110107,3895.149902,3994.959961,000,3994.959961
2004-09-30,3934.590088,3950.659912,3887.830078,3892.899902,000,3892.899902
2004-09-29,3883.590088,3944.129883,3883.590088,3920.360107,000,3920.360107
2004-09-28,3867.50,3888.850098,3848.280029,3882.27002,000,3882.27002
2004-09-27,3905.73999,3905.73999,3859.370117,3874.370117,000,3874.370117
2004-09-24,3900.52002,3917.719971,3887.840088,3910.300049,000,3910.300049
2004-09-23,3927.409912,3929.320068,3895.129883,3905.659912,000,3905.659912
2004-09-22,3989.850098,3999.469971,3935.76001,3942.350098,000,3942.350098
2004-09-21,3977.070068,3998.50,3968.629883,3991.02002,000,3991.02002
2004-09-20,3986.330078,3986.330078,3954.159912,3977.679932,000,3977.679932
2004-09-17,3962.820068,4000.129883,3955.820068,3988.070068,000,3988.070068
2004-09-16,3941.570068,3968.139893,3940.959961,3963.649902,000,3963.649902
2004-09-15,3949.550049,3970.98999,3928.320068,3941.75,000,3941.75
2004-09-14,3954.48999,3955.040039,3933.26001,3947.75,000,3947.75
2004-09-13,3890.290039,3953.310059,3890.290039,3953.310059,000,3953.310059
2004-09-10,3855.409912,3896.600098,3855.409912,3886.030029,000,3886.030029
2004-09-09,3867.969971,3867.969971,3836.040039,3851.219971,000,3851.219971
2004-09-08,3890.689941,3898.72998,3875.399902,3884.159912,000,3884.159912
2004-09-07,3888.540039,3905.110107,3873.530029,3889.040039,000,3889.040039
2004-09-06,3867.449951,3891.620117,3867.449951,3887.580078,000,3887.580078
2004-09-03,3834.679932,3882.780029,3823.199951,3866.98999,000,3866.98999
2004-09-02,3814.98999,3844.530029,3797.97998,3833.449951,000,3833.449951
2004-09-01,3794.169922,3827.870117,3792.25,3817.620117,000,3817.620117
2004-08-31,3829.73999,3829.73999,3778.189941,3785.209961,000,3785.209961
2004-08-30,3848.800049,3852.939941,3818.75,3838.850098,000,3838.850098
2004-08-27,3833.48999,3856.030029,3811.699951,3851.179932,000,3851.179932
2004-08-26,3796.580078,3839.320068,3796.580078,3832.280029,000,3832.280029
2004-08-25,3790.129883,3801.76001,3770.780029,3788.879883,000,3788.879883
2004-08-24,3771.090088,3799.889893,3766.389893,3771.00,000,3771.00
2004-08-23,3722.22998,3782.370117,3722.22998,3772.139893,000,3772.139893
2004-08-20,3716.600098,3723.840088,3689.860107,3712.610107,000,3712.610107
2004-08-19,3729.870117,3758.51001,3706.100098,3722.98999,000,3722.98999
2004-08-18,3704.800049,3728.409912,3677.929932,3726.50,000,3726.50
2004-08-17,3696.209961,3735.840088,3679.219971,3705.72998,000,3705.72998
2004-08-16,3643.080078,3703.409912,3618.580078,3699.110107,000,3699.110107
2004-08-13,3648.889893,3662.780029,3618.689941,3646.98999,000,3646.98999
2004-08-12,3683.659912,3708.330078,3632.449951,3658.110107,000,3658.110107
2004-08-11,3722.610107,3731.449951,3636.959961,3678.909912,000,3678.909912
2004-08-10,3691.610107,3721.310059,3685.919922,3720.639893,000,3720.639893
2004-08-09,3726.51001,3736.550049,3666.050049,3690.330078,000,3690.330078
2004-08-06,3818.780029,3818.780029,3719.459961,3727.73999,000,3727.73999
2004-08-05,3834.27002,3858.659912,3828.689941,3829.030029,000,3829.030029
2004-08-04,3867.469971,3867.469971,3807.25,3823.73999,000,3823.73999
2004-08-03,3869.139893,3891.780029,3864.790039,3877.320068,000,3877.320068
2004-08-02,3891.179932,3891.179932,3841.72998,3862.709961,000,3862.709961
2004-07-30,3900.889893,3911.300049,3867.080078,3895.610107,000,3895.610107
2004-07-29,3815.360107,3895.350098,3815.360107,3889.679932,000,3889.679932
2004-07-28,3829.040039,3856.659912,3797.73999,3807.209961,000,3807.209961
2004-07-27,3755.429932,3815.120117,3755.429932,3814.080078,000,3814.080078
2004-07-26,3795.659912,3811.379883,3749.040039,3752.590088,000,3752.590088
2004-07-23,3805.300049,3824.76001,3785.290039,3797.330078,000,3797.330078
2004-07-22,3867.209961,3867.209961,3796.290039,3801.050049,000,3801.050049
2004-07-21,3849.639893,3899.419922,3849.639893,3877.47998,000,3877.47998
2004-07-20,3809.360107,3839.72998,3785.340088,3837.600098,000,3837.600098
2004-07-19,3845.030029,3845.800049,3812.629883,3812.629883,000,3812.629883
2004-07-16,3848.139893,3883.060059,3837.629883,3845.929932,000,3845.929932
2004-07-15,3898.199951,3898.199951,3847.189941,3847.189941,000,3847.189941
2004-07-14,3894.570068,3898.840088,3851.350098,3898.840088,000,3898.840088
2004-07-13,3897.310059,3919.23999,3892.139893,3903.879883,000,3903.879883
2004-07-12,3911.540039,3928.070068,3884.419922,3893.23999,000,3893.23999
2004-07-09,3932.26001,3932.590088,3882.75,3924.48999,000,3924.48999
2004-07-08,3921.419922,3936.98999,3894.72998,3934.47998,000,3934.47998
2004-07-07,3944.360107,3958.889893,3922.459961,3930.580078,000,3930.580078
2004-07-06,4001.540039,4008.100098,3935.919922,3944.879883,000,3944.879883
2004-07-05,3998.189941,4011.540039,3991.159912,3995.72998,000,3995.72998
2004-07-02,4030.459961,4030.459961,3990.50,3998.77002,000,3998.77002
2004-07-01,4078.360107,4101.52002,4026.560059,4035.02002,000,4035.02002
2004-06-30,4070.070068,4090.75,4052.72998,4052.72998,000,4052.72998
2004-06-29,4067.919922,4086.070068,4050.219971,4069.72998,000,4069.72998
2004-06-28,4016.820068,4076.580078,4004.50,4069.350098,000,4069.350098
2004-06-25,4006.73999,4020.159912,3987.02002,4013.350098,000,4013.350098
2004-06-24,3954.209961,4012.669922,3954.209961,4007.050049,000,4007.050049
2004-06-23,3933.850098,3966.889893,3933.850098,3945.100098,000,3945.100098
2004-06-22,3985.419922,3985.419922,3916.419922,3928.389893,000,3928.389893
2004-06-21,4008.50,4029.110107,3977.800049,3989.310059,000,3989.310059
2004-06-18,3976.300049,4004.860107,3966.219971,3999.790039,000,3999.790039
2004-06-17,3996.97998,4018.600098,3971.77002,3985.459961,000,3985.459961
2004-06-16,3991.080078,4014.810059,3991.080078,4003.23999,000,4003.23999
2004-06-15,3946.169922,3995.429932,3933.120117,3987.300049,000,3987.300049
2004-06-14,4008.610107,4008.610107,3939.169922,3948.649902,000,3948.649902
2004-06-11,4017.449951,4019.379883,3993.27002,4014.560059,000,4014.560059
2004-06-10,3997.209961,4027.399902,3992.530029,4021.639893,000,4021.639893
2004-06-09,4024.389893,4036.459961,3990.639893,3997.76001,000,3997.76001
2004-06-08,4021.790039,4040.77002,4003.120117,4018.949951,000,4018.949951
2004-06-07,3973.449951,4025.080078,3973.449951,4017.810059,000,4017.810059
2004-06-04,3917.800049,3973.570068,3913.77002,3961.929932,000,3961.929932
2004-06-03,3890.27002,3917.659912,3870.840088,3917.080078,000,3917.080078
2004-06-02,3868.939941,3917.72998,3868.939941,3888.310059,000,3888.310059
2004-06-01,3924.300049,3929.879883,3856.040039,3864.179932,000,3864.179932
2004-05-31,3904.389893,3927.949951,3898.399902,3921.409912,000,3921.409912
2004-05-28,3921.889893,3940.709961,3892.310059,3902.719971,000,3902.719971
2004-05-27,3872.030029,3926.620117,3872.030029,3913.330078,000,3913.330078
2004-05-26,3830.719971,3901.310059,3830.719971,3867.52002,000,3867.52002
2004-05-25,3859.639893,3859.639893,3809.97998,3828.070068,000,3828.070068
2004-05-24,3842.409912,3901.47998,3842.409912,3867.840088,000,3867.840088
2004-05-21,3842.23999,3869.199951,3808.600098,3831.840088,000,3831.840088
2004-05-20,3855.629883,3855.629883,3812.040039,3839.320068,000,3839.320068
2004-05-19,3799.429932,3883.149902,3799.429932,3872.26001,000,3872.26001
2004-05-18,3756.860107,3796.72998,3754.060059,3789.23999,000,3789.23999
2004-05-17,3801.469971,3801.469971,3710.02002,3754.370117,000,3754.370117
2004-05-14,3824.550049,3833.02002,3769.590088,3803.100098,000,3803.100098
2004-05-13,3781.75,3827.030029,3779.75,3824.929932,000,3824.929932
2004-05-12,3846.689941,3851.73999,3769.879883,3776.23999,000,3776.23999
2004-05-11,3790.709961,3850.52002,3790.709961,3849.840088,000,3849.840088
2004-05-10,3894.97998,3894.97998,3776.360107,3784.610107,000,3784.610107
2004-05-07,3909.610107,3923.159912,3852.899902,3895.639893,000,3895.639893
2004-05-06,4011.830078,4012.919922,3900.51001,3909.459961,000,3909.459961
2004-05-05,3975.659912,4029.320068,3964.290039,4022.100098,000,4022.100098
2004-05-04,4002.280029,4018.709961,3976.209961,3990.75,000,3990.75
2004-05-03,3972.879883,4011.439941,3945.52002,4007.649902,000,4007.649902
2004-04-30,3998.530029,4008.070068,3968.860107,3985.209961,000,3985.209961
2004-04-29,4051.25,4061.949951,3987.00,4008.909912,000,4008.909912
2004-04-28,4130.490234,4133.859863,4062.590088,4065.73999,000,4065.73999
2004-04-27,4124.689941,4151.080078,4112.859863,4134.100098,000,4134.100098
2004-04-26,4105.970215,4156.890137,4105.970215,4125.830078,000,4125.830078
2004-04-23,4080.370117,4129.140137,4080.370117,4103.620117,000,4103.620117
2004-04-22,4043.370117,4062.830078,4002.449951,4059.149902,000,4059.149902
2004-04-21,4050.469971,4055.26001,4013.300049,4026.149902,000,4026.149902
2004-04-20,4034.280029,4083.27002,4034.280029,4061.129883,000,4061.129883
2004-04-19,4033.00,4040.679932,3995.590088,4025.070068,000,4025.070068
2004-04-16,4004.610107,4043.530029,3986.620117,4033.97998,000,4033.97998
2004-04-15,4011.27002,4034.320068,3989.209961,4004.610107,000,4004.610107
2004-04-14,4058.909912,4058.909912,3970.02002,4012.77002,000,4012.77002
2004-04-13,4016.090088,4094.22998,4016.090088,4071.419922,000,4071.419922
2004-04-08,4030.560059,4058.290039,4004.570068,4013.530029,000,4013.530029
2004-04-07,4023.709961,4048.610107,4000.439941,4001.159912,000,4001.159912
2004-04-06,4064.75,4065.709961,4010.72998,4022.810059,000,4022.810059
2004-04-05,4015.22998,4059.080078,4006.469971,4048.600098,000,4048.600098
2004-04-02,3924.47998,4008.080078,3921.50,4007.600098,000,4007.600098
2004-04-01,3858.340088,3928.629883,3857.040039,3924.850098,000,3924.850098
2004-03-31,3876.469971,3901.050049,3840.110107,3856.699951,000,3856.699951
2004-03-30,3880.399902,3883.659912,3845.570068,3874.040039,000,3874.040039
2004-03-29,3828.040039,3886.360107,3823.669922,3881.25,000,3881.25
2004-03-26,3834.850098,3849.98999,3802.22998,3822.330078,000,3822.330078
2004-03-25,3729.76001,3811.919922,3729.76001,3811.919922,000,3811.919922
2004-03-24,3732.300049,3758.439941,3692.399902,3726.070068,000,3726.070068
2004-03-23,3722.949951,3772.840088,3715.409912,3728.820068,000,3728.820068
2004-03-22,3802.530029,3802.530029,3696.179932,3729.22998,000,3729.22998
2004-03-19,3838.379883,3863.01001,3805.149902,3819.149902,000,3819.149902
2004-03-18,3898.379883,3902.73999,3821.879883,3827.429932,000,3827.429932
2004-03-17,3828.26001,3902.850098,3828.26001,3896.790039,000,3896.790039
2004-03-16,3810.879883,3851.01001,3775.110107,3822.370117,000,3822.370117
2004-03-15,3908.610107,3909.870117,3807.939941,3810.76001,000,3810.76001
2004-03-12,3879.629883,3920.409912,3824.540039,3915.379883,000,3915.379883
2004-03-11,4040.51001,4040.51001,3875.590088,3904.949951,000,3904.949951
2004-03-10,4077.639893,4077.639893,4024.810059,4044.699951,000,4044.699951
2004-03-09,4143.97998,4143.97998,4077.030029,4087.550049,000,4087.550049
2004-03-08,4131.339844,4163.189941,4131.339844,4145.990234,000,4145.990234
2004-03-05,4136.790039,4151.839844,4090.899902,4126.140137,000,4126.140137
2004-03-04,4077.310059,4138.850098,4077.310059,4133.779785,000,4133.779785
2004-03-03,4088.889893,4096.410156,4058.110107,4071.699951,000,4071.699951
2004-03-02,4057.080078,4101.060059,4057.080078,4100.339844,000,4100.339844
2004-03-01,4026.189941,4061.100098,4026.189941,4054.429932,000,4054.429932
2004-02-27,4027.360107,4052.580078,4017.909912,4018.159912,000,4018.159912
2004-02-26,4008.389893,4019.310059,3973.800049,4007.810059,000,4007.810059
2004-02-25,3993.300049,4008.030029,3960.409912,3995.340088,000,3995.340088
2004-02-24,4067.909912,4067.909912,3967.870117,3991.419922,000,3991.419922
2004-02-23,4074.110107,4106.080078,4065.25,4068.709961,000,4068.709961
2004-02-20,4124.509766,4135.549805,4055.560059,4073.350098,000,4073.350098
2004-02-19,4099.919922,4147.339844,4099.919922,4141.529785,000,4141.529785
2004-02-18,4096.72998,4111.50,4085.290039,4095.340088,000,4095.340088
2004-02-17,4073.77002,4099.799805,4070.649902,4095.860107,000,4095.860107
2004-02-16,4054.959961,4070.459961,4040.48999,4070.459961,000,4070.459961
2004-02-13,4121.450195,4130.75,4047.919922,4057.050049,000,4057.050049
2004-02-12,4138.169922,4150.560059,4106.310059,4121.649902,000,4121.649902
2004-02-11,4111.890137,4125.589844,4101.140137,4122.160156,000,4122.160156
2004-02-10,4100.75,4114.779785,4083.330078,4110.799805,000,4110.799805
2004-02-09,4051.360107,4102.459961,4051.360107,4098.970215,000,4098.970215
2004-02-06,4015.02002,4053.02002,4007.870117,4044.98999,000,4044.98999
2004-02-05,4025.399902,4054.929932,4009.560059,4014.790039,000,4014.790039
2004-02-04,4050.080078,4050.080078,4008.800049,4028.370117,000,4028.370117
2004-02-03,4074.419922,4075.800049,4019.00,4057.51001,000,4057.51001
2004-02-02,4062.790039,4087.209961,4046.300049,4071.600098,000,4071.600098
2004-01-30,4106.649902,4116.52002,4048.52002,4058.600098,000,4058.600098
2004-01-29,4117.580078,4126.640137,4092.050049,4095.709961,000,4095.709961
2004-01-28,4124.490234,4157.180176,4105.970215,4150.240234,000,4150.240234
2004-01-27,4141.859863,4175.47998,4129.120117,4134.419922,000,4134.419922
2004-01-26,4152.089844,4152.089844,4116.069824,4128.680176,000,4128.680176
2004-01-23,4140.759766,4164.259766,4130.859863,4151.830078,000,4151.830078
2004-01-22,4144.040039,4171.490234,4129.22998,4139.859863,000,4139.859863
2004-01-21,4109.640137,4138.040039,4099.470215,4138.040039,000,4138.040039
2004-01-20,4141.330078,4156.080078,4101.540039,4106.410156,000,4106.410156
2004-01-19,4111.890137,4151.720215,4111.890137,4139.919922,000,4139.919922
2004-01-16,4090.800049,4122.930176,4090.800049,4111.640137,000,4111.640137
2004-01-15,4047.629883,4081.620117,4026.909912,4068.75,000,4068.75
2004-01-14,3993.330078,4056.22998,3980.330078,4055.209961,000,4055.209961
2004-01-13,4006.850098,4033.669922,3990.610107,3996.219971,000,3996.219971
2004-01-12,4010.050049,4010.050049,3980.189941,3995.909912,000,3995.909912
2004-01-09,4059.100098,4073.330078,3982.830078,4016.179932,000,4016.179932
2004-01-08,4013.149902,4070.469971,4013.149902,4045.429932,000,4045.429932
2004-01-07,4039.649902,4050.98999,3985.949951,4004.399902,000,4004.399902
2004-01-06,4038.419922,4047.030029,4003.47998,4035.439941,000,4035.439941
2004-01-05,4019.939941,4040.97998,4001.48999,4035.899902,000,4035.899902
2004-01-02,3969.040039,4022.959961,3969.040039,4018.50,000,4018.50
2003-12-30,3957.929932,3996.280029,3957.929932,3965.159912,000,3965.159912
2003-12-29,3907.570068,3957.22998,3907.570068,3952.719971,000,3952.719971
2003-12-23,3884.100098,3913.26001,3884.100098,3903.340088,000,3903.340088
2003-12-22,3891.669922,3909.409912,3870.560059,3876.939941,000,3876.939941
2003-12-19,3881.969971,3907.909912,3876.439941,3898.419922,000,3898.419922
2003-12-18,3847.320068,3878.889893,3823.709961,3870.879883,000,3870.879883
2003-12-17,3870.159912,3880.070068,3840.959961,3847.570068,000,3847.570068
2003-12-16,3862.820068,3878.629883,3835.939941,3865.97998,000,3865.97998
2003-12-15,3866.919922,3930.26001,3866.919922,3875.469971,000,3875.469971
2003-12-12,3864.590088,3904.429932,3847.629883,3860.129883,000,3860.129883
2003-12-11,3833.219971,3864.340088,3826.929932,3858.850098,000,3858.850098
2003-12-10,3841.870117,3847.929932,3798.00,3820.919922,000,3820.919922
2003-12-09,3812.919922,3878.449951,3812.919922,3846.179932,000,3846.179932
2003-12-08,3834.889893,3834.889893,3778.72998,3806.540039,000,3806.540039
2003-12-05,3856.47998,3874.550049,3813.600098,3841.72998,000,3841.72998
2003-12-04,3871.50,3894.820068,3848.02002,3874.780029,000,3874.780029
2003-12-03,3808.300049,3875.659912,3801.76001,3875.659912,000,3875.659912
2003-12-02,3821.639893,3838.090088,3788.929932,3809.26001,000,3809.26001
2003-12-01,3752.719971,3829.459961,3752.719971,3821.199951,000,3821.199951
2003-11-28,3748.22998,3771.100098,3692.01001,3745.949951,000,3745.949951
2003-11-27,3741.629883,3756.110107,3729.179932,3744.98999,000,3744.98999
2003-11-26,3731.290039,3786.370117,3712.97998,3712.97998,000,3712.97998
2003-11-25,3744.469971,3767.919922,3727.800049,3733.159912,000,3733.159912
2003-11-24,3642.699951,3743.370117,3642.699951,3737.090088,000,3737.090088
2003-11-21,3637.620117,3658.219971,3619.919922,3642.25,000,3642.25
2003-11-20,3663.629883,3671.379883,3576.52002,3638.040039,000,3638.040039
2003-11-19,3659.969971,3659.969971,3594.610107,3652.290039,000,3652.290039
2003-11-18,3693.080078,3715.879883,3644.959961,3666.280029,000,3666.280029
2003-11-17,3792.889893,3792.889893,3664.949951,3674.540039,000,3674.540039
2003-11-14,3752.179932,3812.899902,3746.909912,3797.399902,000,3797.399902
2003-11-13,3756.300049,3813.199951,3739.25,3765.590088,000,3765.590088
2003-11-12,3730.139893,3754.350098,3696.949951,3748.340088,000,3748.340088
2003-11-11,3739.469971,3739.469971,3699.98999,3729.870117,000,3729.870117
2003-11-10,3778.27002,3789.290039,3737.25,3746.23999,000,3746.23999
2003-11-07,3744.409912,3814.209961,3744.409912,3782.560059,000,3782.560059
2003-11-06,3719.850098,3759.870117,3683.459961,3733.929932,000,3733.929932
2003-11-05,3737.320068,3745.179932,3690.870117,3717.699951,000,3717.699951
2003-11-04,3742.530029,3768.540039,3724.209961,3741.709961,000,3741.709961
2003-11-03,3657.610107,3750.25,3651.77002,3744.50,000,3744.50
2003-10-31,3639.360107,3657.620117,3612.669922,3655.98999,000,3655.98999
2003-10-30,3620.00,3675.780029,3583.469971,3639.659912,000,3639.659912
2003-10-29,3597.52002,3627.179932,3583.790039,3615.419922,000,3615.419922
2003-10-28,3531.97998,3600.75,3531.97998,3586.929932,000,3586.929932
2003-10-27,3459.070068,3529.429932,3459.070068,3517.100098,000,3517.100098
2003-10-24,3495.209961,3495.209961,3439.090088,3452.639893,000,3452.639893
2003-10-23,3486.909912,3502.949951,3423.340088,3497.139893,000,3497.139893
2003-10-22,3560.929932,3571.300049,3488.75,3490.600098,000,3490.600098
2003-10-21,3567.350098,3593.50,3536.800049,3580.080078,000,3580.080078
2003-10-20,3520.540039,3566.639893,3496.570068,3559.330078,000,3559.330078
2003-10-17,3577.639893,3593.75,3510.810059,3516.669922,000,3516.669922
2003-10-16,3568.719971,3594.959961,3524.100098,3577.719971,000,3577.719971
2003-10-15,3542.25,3606.00,3540.840088,3570.580078,000,3570.580078
2003-10-14,3543.169922,3567.120117,3504.459961,3538.129883,000,3538.129883
2003-10-13,3480.129883,3554.530029,3480.129883,3538.389893,000,3538.389893
2003-10-10,3479.219971,3512.209961,3455.959961,3471.25,000,3471.25
2003-10-09,3395.030029,3491.199951,3389.139893,3481.899902,000,3481.899902
2003-10-08,3357.699951,3432.090088,3342.909912,3395.330078,000,3395.330078
2003-10-07,3407.719971,3409.219971,3332.820068,3355.780029,000,3355.780029
2003-10-06,3414.060059,3416.75,3379.530029,3404.909912,000,3404.909912
2003-10-03,3283.379883,3439.889893,3283.379883,3419.00,000,3419.00
2003-10-02,3330.939941,3354.639893,3267.98999,3276.639893,000,3276.639893
2003-10-01,3255.76001,3329.830078,3217.399902,3329.830078,000,3329.830078
2003-09-30,3317.590088,3330.219971,3202.870117,3256.780029,000,3256.780029
2003-09-29,3324.00,3364.580078,3280.100098,3323.379883,000,3323.379883
2003-09-26,3325.76001,3345.139893,3275.540039,3324.850098,000,3324.850098
2003-09-25,3305.540039,3361.830078,3301.389893,3326.27002,000,3326.27002
2003-09-24,3414.659912,3450.939941,3285.97998,3307.340088,000,3307.340088
2003-09-23,3459.399902,3483.77002,3396.320068,3411.02002,000,3411.02002
2003-09-22,3578.159912,3578.159912,3456.27002,3456.27002,000,3456.27002
2003-09-19,3617.129883,3629.590088,3578.699951,3578.699951,000,3578.699951
2003-09-18,3562.879883,3623.610107,3554.01001,3612.02002,000,3612.02002
2003-09-17,3573.290039,3613.219971,3551.810059,3561.030029,000,3561.030029
2003-09-16,3522.810059,3568.679932,3508.870117,3564.75,000,3564.75
2003-09-15,3512.280029,3547.330078,3506.379883,3516.310059,000,3516.310059
2003-09-12,3564.550049,3573.199951,3473.790039,3508.060059,000,3508.060059
2003-09-11,3525.50,3566.850098,3495.110107,3566.850098,000,3566.850098
2003-09-10,3586.800049,3586.800049,3524.169922,3536.870117,000,3536.870117
2003-09-09,3645.879883,3670.300049,3583.370117,3594.399902,000,3594.399902
2003-09-08,3612.850098,3656.620117,3612.389893,3641.530029,000,3641.530029
2003-09-05,3671.929932,3676.879883,3597.590088,3607.709961,000,3607.709961
2003-09-04,3638.919922,3671.419922,3628.949951,3668.669922,000,3668.669922
2003-09-03,3570.25,3656.669922,3570.25,3647.51001,000,3647.51001
2003-09-02,3570.090088,3588.459961,3536.26001,3567.199951,000,3567.199951
2003-09-01,3493.340088,3577.870117,3493.340088,3571.219971,000,3571.219971
2003-08-29,3510.320068,3531.800049,3479.919922,3484.580078,000,3484.580078
2003-08-28,3486.370117,3530.139893,3465.679932,3492.669922,000,3492.669922
2003-08-27,3462.159912,3493.459961,3451.810059,3483.080078,000,3483.080078
2003-08-26,3498.889893,3532.23999,3438.860107,3455.47998,000,3455.47998
2003-08-25,3547.649902,3547.649902,3489.77002,3500.090088,000,3500.090088
2003-08-22,3563.300049,3588.530029,3534.419922,3549.050049,000,3549.050049
2003-08-21,3501.409912,3565.469971,3501.409912,3565.469971,000,3565.469971
2003-08-20,3507.25,3515.169922,3461.379883,3501.22998,000,3501.22998
2003-08-19,3511.050049,3545.080078,3486.439941,3504.530029,000,3504.530029
2003-08-18,3447.580078,3507.22998,3447.580078,3507.22998,000,3507.22998
2003-08-15,3449.560059,3470.530029,3434.22998,3443.929932,000,3443.929932
2003-08-14,3398.129883,3452.699951,3379.50,3452.699951,000,3452.699951
2003-08-13,3388.550049,3428.97998,3376.300049,3398.889893,000,3398.889893
2003-08-12,3342.590088,3399.76001,3342.590088,3381.709961,000,3381.709961
2003-08-11,3333.070068,3361.669922,3309.850098,3339.580078,000,3339.580078
2003-08-08,3339.870117,3367.169922,3309.219971,3332.23999,000,3332.23999
2003-08-07,3370.50,3370.50,3299.77002,3331.889893,000,3331.889893
2003-08-06,3427.48999,3427.48999,3318.159912,3375.659912,000,3375.659912
2003-08-05,3414.100098,3454.76001,3399.199951,3438.360107,000,3438.360107
2003-08-04,3433.719971,3464.600098,3363.949951,3405.310059,000,3405.310059
2003-08-01,3481.810059,3481.810059,3403.030029,3438.889893,000,3438.889893
2003-07-31,3432.75,3487.860107,3399.860107,3487.860107,000,3487.860107
2003-07-30,3418.48999,3449.209961,3395.73999,3429.030029,000,3429.030029
2003-07-29,3417.51001,3452.179932,3373.629883,3428.120117,000,3428.120117
2003-07-28,3360.669922,3425.449951,3360.669922,3417.77002,000,3417.77002
2003-07-25,3367.709961,3371.929932,3313.560059,3356.889893,000,3356.889893
2003-07-24,3305.810059,3377.590088,3281.949951,3374.820068,000,3374.820068
2003-07-23,3323.699951,3338.77002,3277.23999,3304.47998,000,3304.47998
2003-07-22,3295.340088,3321.879883,3254.189941,3318.149902,000,3318.149902
2003-07-21,3370.070068,3390.610107,3281.060059,3287.00,000,3287.00
2003-07-18,3328.909912,3378.139893,3328.060059,3366.709961,000,3366.709961
2003-07-17,3384.860107,3384.860107,3312.899902,3330.679932,000,3330.679932
2003-07-16,3385.179932,3430.76001,3358.679932,3387.639893,000,3387.639893
2003-07-15,3391.840088,3429.889893,3372.50,3384.689941,000,3384.689941
2003-07-14,3335.120117,3404.469971,3333.969971,3396.070068,000,3396.070068
2003-07-11,3264.580078,3332.120117,3245.449951,3326.51001,000,3326.51001
2003-07-10,3322.040039,3322.040039,3255.889893,3269.840088,000,3269.840088
2003-07-09,3343.129883,3358.060059,3299.73999,3322.429932,000,3322.429932
2003-07-08,3335.00,3363.429932,3308.790039,3344.459961,000,3344.459961
2003-07-07,3244.939941,3359.01001,3244.939941,3332.870117,000,3332.870117
2003-07-04,3237.800049,3243.72998,3213.610107,3239.610107,000,3239.610107
2003-07-03,3237.050049,3261.580078,3196.72998,3241.919922,000,3241.919922
2003-07-02,3148.100098,3243.040039,3148.100098,3241.040039,000,3241.040039
2003-07-01,3217.209961,3217.209961,3119.350098,3146.550049,000,3146.550049
2003-06-30,3228.810059,3271.310059,3181.76001,3220.580078,000,3220.580078
2003-06-27,3251.870117,3263.120117,3207.129883,3224.659912,000,3224.659912
2003-06-26,3194.97998,3246.669922,3157.699951,3241.219971,000,3241.219971
2003-06-25,3217.22998,3237.47998,3180.030029,3198.820068,000,3198.820068
2003-06-24,3185.179932,3228.370117,3165.25,3217.340088,000,3217.340088
2003-06-23,3236.959961,3246.25,3173.179932,3186.389893,000,3186.389893
2003-06-20,3237.22998,3267.669922,3218.050049,3238.97998,000,3238.97998
2003-06-19,3304.23999,3324.439941,3217.459961,3247.110107,000,3247.110107
2003-06-18,3280.040039,3316.070068,3263.330078,3304.149902,000,3304.149902
2003-06-17,3276.159912,3321.50,3264.100098,3286.47998,000,3286.47998
2003-06-16,3156.800049,3264.50,3122.399902,3264.50,000,3264.50
2003-06-13,3220.820068,3246.139893,3157.290039,3168.709961,000,3168.709961
2003-06-12,3180.610107,3253.699951,3180.610107,3219.469971,000,3219.469971
2003-06-11,3145.52002,3191.330078,3133.649902,3178.149902,000,3178.149902
2003-06-10,3088.610107,3149.439941,3076.77002,3140.340088,000,3140.340088
2003-06-09,3124.590088,3132.76001,3075.189941,3094.76001,000,3094.76001
2003-06-06,3054.98999,3146.909912,3054.98999,3127.459961,000,3127.459961
2003-06-05,3086.649902,3106.27002,3020.459961,3039.76001,000,3039.76001
2003-06-04,3030.290039,3099.820068,3020.159912,3080.02002,000,3080.02002
2003-06-03,3062.860107,3062.860107,3003.159912,3026.820068,000,3026.820068
2003-06-02,2990.929932,3066.040039,2990.929932,3064.560059,000,3064.560059
2003-05-30,2907.72998,2997.620117,2906.419922,2982.679932,000,2982.679932
2003-05-29,2914.179932,2968.429932,2897.100098,2906.709961,000,2906.709961
2003-05-28,2885.530029,2958.209961,2885.530029,2919.540039,000,2919.540039
2003-05-27,2827.659912,2875.139893,2769.449951,2873.600098,000,2873.600098
2003-05-26,2821.540039,2855.280029,2812.399902,2828.280029,000,2828.280029
2003-05-23,2867.100098,2886.070068,2804.129883,2822.830078,000,2822.830078
2003-05-22,2826.469971,2865.209961,2817.629883,2865.209961,000,2865.209961
2003-05-21,2841.330078,2853.040039,2773.77002,2827.25,000,2827.25
2003-05-20,2848.189941,2875.399902,2820.409912,2838.929932,000,2838.929932
2003-05-19,2976.379883,2976.379883,2841.02002,2850.679932,000,2850.679932
2003-05-16,2987.449951,3029.48999,2952.179932,2989.080078,000,2989.080078
2003-05-15,2926.790039,2989.379883,2902.52002,2989.379883,000,2989.379883
2003-05-14,2906.949951,2960.22998,2888.199951,2926.030029,000,2926.030029
2003-05-13,2941.570068,2951.98999,2883.310059,2909.949951,000,2909.949951
2003-05-12,2961.139893,2972.719971,2871.610107,2937.26001,000,2937.26001
2003-05-09,2892.629883,2956.590088,2861.699951,2956.590088,000,2956.590088
2003-05-08,3005.120117,3016.570068,2884.51001,2886.080078,000,2886.080078
2003-05-07,3063.409912,3068.080078,2992.790039,3005.639893,000,3005.639893
2003-05-06,3002.399902,3066.949951,2977.620117,3066.949951,000,3066.949951
2003-05-05,2991.73999,3039.26001,2978.709961,3013.040039,000,3013.040039
2003-05-02,2938.719971,2986.00,2888.459961,2986.00,000,2986.00
2003-04-30,2914.469971,2967.080078,2914.02002,2942.040039,000,2942.040039
2003-04-29,2958.120117,3004.790039,2908.959961,2908.959961,000,2908.959961
2003-04-28,2834.459961,2953.919922,2821.350098,2953.919922,000,2953.919922
2003-04-25,2892.459961,2909.139893,2828.840088,2838.22998,000,2838.22998
2003-04-24,2967.620117,2969.949951,2881.040039,2891.620117,000,2891.620117
2003-04-23,2968.800049,3000.76001,2932.72998,2974.399902,000,2974.399902
2003-04-22,2898.360107,2965.209961,2843.800049,2960.959961,000,2960.959961
2003-04-17,2820.350098,2899.97998,2801.169922,2899.780029,000,2899.780029
2003-04-16,2843.330078,2915.689941,2824.679932,2824.679932,000,2824.679932
2003-04-15,2792.060059,2867.639893,2792.060059,2834.120117,000,2834.120117
2003-04-14,2741.659912,2787.379883,2700.330078,2776.780029,000,2776.780029
2003-04-11,2700.610107,2797.419922,2700.610107,2733.949951,000,2733.949951
2003-04-10,2730.969971,2763.649902,2685.800049,2697.100098,000,2697.100098
2003-04-09,2756.620117,2824.98999,2696.320068,2734.100098,000,2734.100098
2003-04-08,2798.73999,2809.169922,2740.610107,2767.790039,000,2767.790039
2003-04-07,2654.76001,2814.389893,2654.439941,2808.939941,000,2808.939941
2003-04-04,2573.159912,2656.25,2553.669922,2654.070068,000,2654.070068
2003-04-03,2582.949951,2644.959961,2557.189941,2569.810059,000,2569.810059
2003-04-02,2462.209961,2589.350098,2462.209961,2589.350098,000,2589.350098
2003-04-01,2426.23999,2473.939941,2395.719971,2450.189941,000,2450.189941
2003-03-31,2511.98999,2511.98999,2396.600098,2423.870117,000,2423.870117
2003-03-28,2580.959961,2581.649902,2498.290039,2520.840088,000,2520.840088
2003-03-27,2583.27002,2589.679932,2511.959961,2584.050049,000,2584.050049
2003-03-26,2634.889893,2680.530029,2579.330078,2579.330078,000,2579.330078
2003-03-25,2541.790039,2636.719971,2481.709961,2636.100098,000,2636.100098
2003-03-24,2712.620117,2712.620117,2548.370117,2548.370117,000,2548.370117
2003-03-21,2607.699951,2731.570068,2603.850098,2715.060059,000,2715.060059
2003-03-20,2607.76001,2657.50,2551.909912,2604.850098,000,2604.850098
2003-03-19,2576.959961,2675.02002,2524.52002,2615.219971,000,2615.219971
2003-03-18,2490.780029,2624.97998,2490.780029,2584.610107,000,2584.610107
2003-03-17,2398.110107,2520.540039,2327.870117,2487.120117,000,2487.120117
2003-03-14,2356.360107,2482.139893,2356.360107,2403.189941,000,2403.189941
2003-03-13,2203.969971,2354.310059,2203.969971,2354.310059,000,2354.310059
2003-03-12,2300.110107,2319.649902,2188.75,2202.959961,000,2202.959961
2003-03-11,2324.01001,2348.080078,2258.570068,2305.300049,000,2305.300049
2003-03-10,2437.320068,2447.97998,2328.810059,2329.040039,000,2329.040039
2003-03-07,2433.719971,2467.570068,2393.590088,2431.659912,000,2431.659912
2003-03-06,2500.639893,2531.629883,2433.320068,2437.51001,000,2437.51001
2003-03-05,2495.459961,2540.060059,2456.399902,2498.02002,000,2498.02002
2003-03-04,2541.810059,2541.810059,2477.060059,2501.030029,000,2501.030029
2003-03-03,2553.73999,2600.76001,2535.300049,2549.649902,000,2549.649902
2003-02-28,2508.889893,2581.47998,2480.719971,2547.050049,000,2547.050049
2003-02-27,2453.340088,2513.409912,2435.639893,2513.219971,000,2513.219971
2003-02-26,2488.919922,2518.850098,2433.149902,2450.199951,000,2450.199951
2003-02-25,2563.370117,2563.370117,2448.97998,2485.50,000,2485.50
2003-02-24,2648.48999,2648.550049,2571.350098,2571.350098,000,2571.350098
2003-02-21,2591.679932,2648.870117,2565.139893,2648.870117,000,2648.870117
2003-02-20,2631.47998,2669.48999,2575.949951,2591.26001,000,2591.26001
2003-02-19,2734.810059,2734.810059,2616.909912,2624.649902,000,2624.649902
2003-02-18,2707.570068,2750.080078,2673.909912,2740.139893,000,2740.139893
2003-02-17,2683.47998,2722.300049,2679.949951,2708.969971,000,2708.969971
2003-02-14,2558.25,2711.590088,2558.25,2674.459961,000,2674.459961
2003-02-13,2566.949951,2599.439941,2535.040039,2555.27002,000,2555.27002
2003-02-12,2621.449951,2621.449951,2565.02002,2571.25,000,2571.25
2003-02-11,2593.149902,2664.159912,2584.679932,2627.00,000,2627.00
2003-02-10,2573.26001,2593.00,2528.899902,2586.090088,000,2586.090088
2003-02-07,2649.02002,2671.699951,2561.72998,2569.340088,000,2569.340088
2003-02-06,2714.120117,2720.179932,2617.659912,2649.00,000,2649.00
2003-02-05,2626.850098,2738.110107,2584.879883,2725.879883,000,2725.879883
2003-02-04,2750.040039,2750.040039,2618.139893,2632.97998,000,2632.97998
2003-02-03,2750.399902,2802.929932,2735.580078,2751.98999,000,2751.98999
2003-01-31,2687.719971,2753.26001,2622.409912,2747.830078,000,2747.830078
2003-01-30,2711.840088,2742.919922,2665.52002,2693.780029,000,2693.780029
2003-01-29,2667.689941,2743.100098,2563.919922,2706.570068,000,2706.570068
2003-01-28,2649.959961,2705.219971,2616.040039,2671.360107,000,2671.360107
2003-01-27,2716.419922,2728.280029,2615.669922,2643.800049,000,2643.800049
2003-01-24,2813.129883,2827.429932,2714.889893,2717.820068,000,2717.820068
2003-01-23,2804.129883,2862.590088,2776.719971,2811.219971,000,2811.219971
2003-01-22,2866.350098,2897.47998,2765.560059,2803.25,000,2803.25
2003-01-21,2900.879883,2955.75,2860.340088,2870.570068,000,2870.570068
2003-01-20,2927.580078,2966.780029,2892.929932,2893.550049,000,2893.550049
2003-01-17,3047.110107,3047.110107,2918.26001,2918.820068,000,2918.820068
2003-01-16,3047.23999,3080.27002,3023.320068,3054.110107,000,3054.110107
2003-01-15,3107.610107,3145.659912,3036.939941,3049.399902,000,3049.399902
2003-01-14,3063.48999,3141.330078,3055.290039,3098.719971,000,3098.719971
2003-01-13,3039.909912,3127.120117,3039.909912,3060.649902,000,3060.649902
2003-01-10,3037.800049,3093.780029,2986.75,3037.330078,000,3037.330078
2003-01-09,3000.23999,3043.639893,2932.929932,3037.679932,000,3037.679932
2003-01-08,3108.02002,3108.02002,2993.00,2993.00,000,2993.00
2003-01-07,3156.560059,3156.560059,3069.110107,3112.77002,000,3112.77002
2003-01-06,3101.169922,3157.25,3033.77002,3157.25,000,3157.25
2003-01-03,3098.889893,3124.860107,3070.030029,3092.939941,000,3092.939941
2003-01-02,2898.679932,3105.040039,2898.679932,3105.040039,000,3105.040039
2002-12-30,2838.870117,2900.949951,2836.01001,2892.629883,000,2892.629883
2002-12-27,2996.669922,2996.669922,2840.00,2840.00,000,2840.00
2002-12-23,3022.310059,3048.290039,2961.780029,3000.840088,000,3000.840088
2002-12-20,2970.280029,3039.120117,2948.560059,3024.219971,000,3024.219971
2002-12-19,3031.97998,3099.320068,2925.870117,2961.409912,000,2961.409912
2002-12-18,3136.040039,3136.040039,3022.689941,3022.689941,000,3022.689941
2002-12-17,3209.649902,3222.399902,3136.090088,3139.969971,000,3139.969971
2002-12-16,3074.51001,3205.290039,3029.73999,3205.290039,000,3205.290039
2002-12-13,3110.790039,3122.530029,3034.120117,3077.060059,000,3077.060059
2002-12-12,3193.590088,3208.590088,3098.26001,3111.879883,000,3111.879883
2002-12-11,3166.459961,3212.620117,3134.370117,3196.050049,000,3196.050049
2002-12-10,3062.870117,3173.959961,3062.870117,3167.98999,000,3167.98999
2002-12-09,3206.360107,3223.419922,3065.570068,3065.570068,000,3065.570068
2002-12-06,3221.679932,3245.76001,3108.76001,3207.530029,000,3207.530029
2002-12-05,3327.75,3386.27002,3189.120117,3224.73999,000,3224.73999
2002-12-04,3275.800049,3331.139893,3235.580078,3320.75,000,3320.75
2002-12-03,3389.129883,3410.949951,3278.629883,3280.48999,000,3280.48999
2002-12-02,3332.72998,3476.830078,3332.72998,3380.199951,000,3380.199951
2002-11-29,3361.060059,3403.399902,3320.320068,3320.320068,000,3320.320068
2002-11-28,3342.580078,3376.98999,3305.439941,3360.76001,000,3360.76001
2002-11-27,3184.469971,3346.139893,3148.939941,3346.139893,000,3346.139893
2002-11-26,3299.610107,3333.530029,3183.300049,3191.629883,000,3191.629883
2002-11-25,3322.780029,3365.590088,3278.590088,3299.23999,000,3299.23999
2002-11-22,3302.679932,3337.340088,3278.00,3320.879883,000,3320.879883
2002-11-21,3216.540039,3304.830078,3216.540039,3304.629883,000,3304.629883
2002-11-20,3210.219971,3224.780029,3117.02002,3212.98999,000,3212.98999
2002-11-19,3205.76001,3221.97998,3144.780029,3206.929932,000,3206.929932
2002-11-18,3195.969971,3262.080078,3185.060059,3218.360107,000,3218.360107
2002-11-15,3195.98999,3232.070068,3151.610107,3191.76001,000,3191.76001
2002-11-14,3063.300049,3191.669922,3035.719971,3188.389893,000,3188.389893
2002-11-13,3096.699951,3121.320068,2987.850098,3066.419922,000,3066.419922
2002-11-12,3040.139893,3129.659912,3024.969971,3115.879883,000,3115.879883
2002-11-11,3076.25,3076.25,3005.429932,3042.060059,000,3042.060059
2002-11-08,3157.909912,3174.389893,3072.810059,3079.100098,000,3079.100098
2002-11-07,3298.51001,3334.51001,3130.439941,3155.659912,000,3155.659912
2002-11-06,3356.060059,3443.48999,3280.899902,3298.840088,000,3298.840088
2002-11-05,3318.169922,3395.530029,3268.129883,3351.320068,000,3351.320068
2002-11-04,3167.48999,3330.939941,3167.48999,3327.939941,000,3327.939941
2002-11-01,3152.189941,3174.01001,3056.219971,3165.159912,000,3165.159912
2002-10-31,3115.76001,3216.27002,3086.620117,3152.850098,000,3152.850098
2002-10-30,3024.899902,3140.389893,2999.600098,3113.590088,000,3113.590088
2002-10-29,3188.719971,3188.719971,3010.73999,3022.01001,000,3022.01001
2002-10-28,3105.290039,3235.659912,3105.290039,3198.959961,000,3198.959961
2002-10-25,3089.709961,3119.709961,3018.73999,3102.01001,000,3102.01001
2002-10-24,3027.360107,3129.570068,3020.050049,3090.01001,000,3090.01001
2002-10-23,3164.580078,3232.97998,2983.639893,3015.419922,000,3015.419922
2002-10-22,3269.800049,3299.01001,3141.600098,3155.969971,000,3155.969971
2002-10-21,3151.939941,3282.669922,3096.120117,3282.669922,000,3282.669922
2002-10-18,3172.340088,3226.25,3083.459961,3163.669922,000,3163.669922
2002-10-17,3021.73999,3187.27002,3018.090088,3172.459961,000,3172.459961
2002-10-16,3038.179932,3106.290039,2966.439941,3008.929932,000,3008.929932
2002-10-15,2856.580078,3048.27002,2856.580078,3048.27002,000,3048.27002
2002-10-14,2928.629883,2928.629883,2793.929932,2850.110107,000,2850.110107
2002-10-11,2731.840088,2930.73999,2714.409912,2930.73999,000,2930.73999
2002-10-10,2593.26001,2733.189941,2548.399902,2733.189941,000,2733.189941
2002-10-09,2617.540039,2620.00,2519.300049,2597.879883,000,2597.879883
2002-10-08,2679.02002,2723.370117,2542.649902,2622.090088,000,2622.090088
2002-10-07,2710.330078,2710.330078,2621.860107,2667.389893,000,2667.389893
2002-10-04,2812.149902,2847.419922,2677.610107,2714.620117,000,2714.620117
2002-10-03,2923.550049,2939.689941,2809.840088,2813.300049,000,2813.300049
2002-10-02,2866.26001,2974.340088,2817.360107,2926.73999,000,2926.73999
2002-10-01,2772.959961,2894.929932,2729.570068,2865.22998,000,2865.22998
2002-09-30,2906.600098,2906.600098,2719.48999,2769.030029,000,2769.030029
2002-09-27,3020.709961,3050.77002,2888.449951,2918.899902,000,2918.899902
2002-09-26,2963.120117,3058.870117,2932.850098,3020.600098,000,3020.600098
2002-09-25,2872.97998,2979.600098,2806.830078,2962.50,000,2962.50
2002-09-24,2913.159912,2959.48999,2774.360107,2873.209961,000,2873.209961
2002-09-23,3063.439941,3106.090088,2890.300049,2914.25,000,2914.25
2002-09-20,3001.879883,3093.219971,2956.560059,3065.72998,000,3065.72998
2002-09-19,3136.330078,3162.070068,3007.469971,3007.469971,000,3007.469971
2002-09-18,3277.409912,3277.409912,3111.01001,3124.919922,000,3124.919922
2002-09-17,3321.76001,3445.590088,3243.810059,3289.129883,000,3289.129883
2002-09-16,3359.330078,3378.110107,3288.219971,3319.050049,000,3319.050049
2002-09-13,3406.580078,3406.580078,3275.280029,3361.280029,000,3361.280029
2002-09-12,3573.219971,3573.219971,3421.870117,3421.870117,000,3421.870117
2002-09-11,3507.50,3615.590088,3467.219971,3584.689941,000,3584.689941
2002-09-10,3437.110107,3515.52002,3437.110107,3494.689941,000,3494.689941
2002-09-09,3480.570068,3480.570068,3383.679932,3429.219971,000,3429.219971
2002-09-06,3361.669922,3486.51001,3352.100098,3485.679932,000,3485.679932
2002-09-05,3429.47998,3466.679932,3301.810059,3354.709961,000,3354.709961
2002-09-04,3396.800049,3463.050049,3348.629883,3425.899902,000,3425.899902
2002-09-03,3609.030029,3609.030029,3398.98999,3398.98999,000,3398.98999
2002-09-02,3698.689941,3698.689941,3602.370117,3609.409912,000,3609.409912
2002-08-30,3658.669922,3720.50,3603.040039,3712.939941,000,3712.939941
2002-08-29,3681.290039,3697.540039,3580.909912,3660.949951,000,3660.949951
2002-08-28,3836.080078,3836.080078,3682.310059,3682.840088,000,3682.840088
2002-08-27,3791.429932,3900.110107,3770.659912,3851.340088,000,3851.340088
2002-08-26,3830.080078,3899.600098,3749.929932,3783.840088,000,3783.840088
2002-08-23,3911.219971,3924.300049,3815.280029,3828.26001,000,3828.26001
2002-08-22,3873.550049,3930.959961,3855.939941,3906.550049,000,3906.550049
2002-08-21,3770.75,3903.75,3770.75,3868.169922,000,3868.169922
2002-08-20,3842.409912,3868.860107,3765.080078,3768.51001,000,3768.51001
2002-08-19,3681.669922,3846.719971,3628.459961,3837.669922,000,3837.669922
2002-08-16,3665.669922,3703.870117,3576.01001,3684.689941,000,3684.689941
2002-08-15,3591.47998,3722.929932,3591.47998,3665.73999,000,3665.73999
2002-08-14,3677.540039,3677.540039,3542.060059,3589.919922,000,3589.919922
2002-08-13,3660.399902,3703.550049,3553.120117,3683.209961,000,3683.209961
2002-08-12,3750.26001,3750.26001,3639.459961,3647.129883,000,3647.129883
2002-08-09,3682.73999,3760.860107,3607.530029,3760.860107,000,3760.860107
2002-08-08,3473.47998,3679.26001,3473.47998,3679.26001,000,3679.26001
2002-08-07,3570.110107,3632.469971,3440.570068,3465.540039,000,3465.540039
2002-08-06,3319.77002,3601.570068,3235.379883,3568.639893,000,3568.639893
2002-08-05,3533.300049,3536.050049,3327.959961,3332.649902,000,3332.649902
2002-08-02,3601.709961,3624.22998,3496.48999,3532.48999,000,3532.48999
2002-08-01,3699.310059,3806.969971,3545.280029,3606.449951,000,3606.449951
2002-07-31,3876.800049,3945.379883,3700.139893,3700.139893,000,3700.139893
2002-07-30,3852.929932,3878.939941,3741.790039,3878.939941,000,3878.939941
2002-07-29,3584.51001,3859.780029,3584.51001,3859.780029,000,3859.780029
2002-07-26,3526.290039,3581.98999,3368.290039,3579.00,000,3579.00
2002-07-25,3632.899902,3726.580078,3472.840088,3520.459961,000,3520.459961
2002-07-24,3515.570068,3641.070068,3265.959961,3632.659912,000,3632.659912
2002-07-23,3711.300049,3810.51001,3512.459961,3515.830078,000,3515.830078
2002-07-22,3888.110107,3888.110107,3638.51001,3691.429932,000,3691.429932
2002-07-19,4092.959961,4092.959961,3875.840088,3891.879883,000,3891.879883
2002-07-18,4095.439941,4152.450195,4031.909912,4100.75,000,4100.75
2002-07-17,3978.969971,4105.689941,3899.51001,4092.820068,000,4092.820068
2002-07-16,3913.120117,4052.060059,3825.540039,3977.75,000,3977.75
2002-07-15,4124.529785,4142.649902,3912.51001,3912.51001,000,3912.51001
2002-07-12,4121.02002,4249.77002,4075.25,4130.799805,000,4130.799805
2002-07-11,4179.790039,4179.790039,4039.22998,4118.50,000,4118.50
2002-07-10,4352.77002,4354.22998,4188.640137,4190.220215,000,4190.220215
2002-07-09,4445.930176,4480.490234,4341.850098,4369.759766,000,4369.759766
2002-07-08,4475.890137,4476.149902,4393.279785,4442.330078,000,4442.330078
2002-07-05,4268.22998,4483.029785,4268.22998,4483.029785,000,4483.029785
2002-07-04,4140.430176,4258.620117,4140.430176,4258.620117,000,4258.620117
2002-07-03,4202.290039,4252.490234,4101.580078,4138.149902,000,4138.149902
2002-07-02,4359.169922,4359.169922,4163.799805,4195.950195,000,4195.950195
2002-07-01,4377.100098,4443.689941,4318.22998,4366.810059,000,4366.810059
2002-06-28,4275.290039,4388.27002,4275.290039,4382.560059,000,4382.560059
2002-06-27,4103.620117,4259.430176,4103.620117,4259.430176,000,4259.430176
2002-06-26,4187.120117,4187.120117,3946.699951,4099.049805,000,4099.049805
2002-06-25,4129.459961,4260.089844,4129.459961,4202.970215,000,4202.970215
2002-06-24,4233.870117,4297.97998,4045.52002,4127.209961,000,4127.209961
2002-06-21,4244.240234,4312.120117,4153.310059,4232.399902,000,4232.399902
2002-06-20,4352.310059,4371.00,4199.850098,4245.680176,000,4245.680176
2002-06-19,4423.830078,4423.830078,4321.899902,4354.819824,000,4354.819824
2002-06-18,4481.02002,4503.799805,4398.72998,4433.850098,000,4433.850098
2002-06-17,4317.839844,4483.290039,4317.839844,4475.100098,000,4475.100098
2002-06-14,4464.930176,4464.930176,4252.859863,4303.850098,000,4303.850098
2002-06-13,4517.439941,4584.569824,4441.649902,4470.140137,000,4470.140137
2002-06-12,4599.060059,4599.060059,4480.990234,4510.189941,000,4510.189941
2002-06-11,4587.100098,4686.129883,4555.169922,4606.089844,000,4606.089844
2002-06-10,4617.189941,4659.220215,4544.77002,4589.259766,000,4589.259766
2002-06-07,4630.430176,4630.430176,4513.00,4610.180176,000,4610.180176
2002-06-06,4634.220215,4716.350098,4617.430176,4657.52002,000,4657.52002
2002-06-05,4632.490234,4685.069824,4602.149902,4624.310059,000,4624.310059
2002-06-04,4731.240234,4731.240234,4580.919922,4625.790039,000,4625.790039
2002-06-03,4818.069824,4850.379883,4725.879883,4747.950195,000,4747.950195
2002-05-31,4765.919922,4859.009766,4765.919922,4818.299805,000,4818.299805
2002-05-30,4873.600098,4873.600098,4741.950195,4761.959961,000,4761.959961
2002-05-29,4914.540039,4914.540039,4855.25,4881.799805,000,4881.799805
2002-05-28,4969.350098,5016.109863,4892.75,4918.580078,000,4918.580078
2002-05-27,4896.839844,4972.209961,4896.839844,4961.540039,000,4961.540039
2002-05-24,4890.459961,4937.47998,4880.549805,4899.129883,000,4899.129883
2002-05-23,4925.049805,4952.140137,4859.540039,4879.50,000,4879.50
2002-05-22,4971.310059,4996.569824,4889.330078,4919.50,000,4919.50
2002-05-21,4993.430176,5057.819824,4948.049805,4984.609863,000,4984.609863
2002-05-20,5046.169922,5059.419922,4984.540039,4998.990234,000,4998.990234
2002-05-17,5057.959961,5126.330078,5021.910156,5036.410156,000,5036.410156
2002-05-16,5066.830078,5101.120117,5032.080078,5047.450195,000,5047.450195
2002-05-15,5062.100098,5085.209961,5001.419922,5072.390137,000,5072.390137
2002-05-14,4981.879883,5068.419922,4956.009766,5049.080078,000,5049.080078
2002-05-13,4861.149902,4988.399902,4832.859863,4975.47998,000,4975.47998
2002-05-10,4961.029785,4964.140137,4849.089844,4871.700195,000,4871.700195
2002-05-09,5023.97998,5026.089844,4952.410156,4966.47998,000,4966.47998
2002-05-08,4878.740234,5028.589844,4878.740234,5028.589844,000,5028.589844
2002-05-07,4875.350098,4892.430176,4773.490234,4872.410156,000,4872.410156
2002-05-06,4884.029785,4926.779785,4876.580078,4880.669922,000,4880.669922
2002-05-03,4958.779785,5021.740234,4872.189941,4882.77002,000,4882.77002
2002-05-02,5043.009766,5066.970215,4952.160156,4964.560059,000,4964.560059
2002-04-30,5007.240234,5041.200195,4929.350098,5041.200195,000,5041.200195
2002-04-29,4994.200195,5008.040039,4945.419922,5008.040039,000,5008.040039
2002-04-26,5064.790039,5097.850098,4984.620117,5000.379883,000,5000.379883
2002-04-25,5158.660156,5166.97998,5012.859863,5054.410156,000,5054.410156
2002-04-24,5187.129883,5220.580078,5144.189941,5160.140137,000,5160.140137
2002-04-23,5211.72998,5246.180176,5147.870117,5192.100098,000,5192.100098
2002-04-22,5285.419922,5285.419922,5173.680176,5205.47998,000,5205.47998
2002-04-19,5263.47998,5288.839844,5222.220215,5284.549805,000,5284.549805
2002-04-18,5316.529785,5372.459961,5194.180176,5262.879883,000,5262.879883
2002-04-17,5357.910156,5378.27002,5311.22998,5318.549805,000,5318.549805
2002-04-16,5250.189941,5343.879883,5246.97998,5343.879883,000,5343.879883
2002-04-15,5194.939941,5244.200195,5167.189941,5244.200195,000,5244.200195
2002-04-12,5165.310059,5211.819824,5148.850098,5189.649902,000,5189.649902
2002-04-11,5270.350098,5290.870117,5162.069824,5162.959961,000,5162.959961
2002-04-10,5169.990234,5274.279785,5139.009766,5265.359863,000,5265.359863
2002-04-09,5194.089844,5228.220215,5166.240234,5170.25,000,5170.25
2002-04-08,5261.370117,5261.370117,5128.02002,5180.330078,000,5180.330078
2002-04-05,5250.47998,5293.279785,5235.100098,5260.529785,000,5260.529785
2002-04-04,5284.200195,5290.120117,5211.740234,5254.950195,000,5254.950195
2002-04-03,5293.370117,5322.549805,5266.060059,5281.839844,000,5281.839844
2002-04-02,5379.640137,5379.640137,5289.799805,5311.080078,000,5311.080078
2002-03-28,5350.259766,5424.52002,5350.259766,5397.290039,000,5397.290039
2002-03-27,5384.680176,5388.680176,5332.839844,5348.00,000,5348.00
2002-03-26,5314.02002,5398.799805,5289.930176,5390.589844,000,5390.589844
2002-03-25,5361.200195,5400.430176,5306.439941,5317.379883,000,5317.379883
2002-03-22,5348.330078,5401.819824,5331.00,5366.129883,000,5366.129883
2002-03-21,5357.22998,5387.870117,5312.029785,5348.680176,000,5348.680176
2002-03-20,5453.950195,5453.950195,5355.319824,5364.700195,000,5364.700195
2002-03-19,5430.709961,5467.310059,5413.060059,5462.549805,000,5462.549805
2002-03-18,5399.149902,5465.290039,5392.129883,5426.040039,000,5426.040039
2002-03-15,5270.859863,5403.279785,5253.160156,5401.109863,000,5401.109863
2002-03-14,5245.799805,5293.47998,5233.660156,5276.870117,000,5276.870117
2002-03-13,5276.779785,5335.27002,5238.799805,5245.990234,000,5245.990234
2002-03-12,5338.740234,5338.740234,5245.180176,5275.810059,000,5275.810059
2002-03-11,5360.040039,5401.060059,5298.47998,5340.669922,000,5340.669922
2002-03-08,5293.180176,5376.22998,5288.870117,5359.549805,000,5359.549805
2002-03-07,5293.47998,5370.450195,5267.790039,5289.430176,000,5289.430176
2002-03-06,5223.850098,5296.950195,5197.319824,5285.259766,000,5285.259766
2002-03-05,5245.709961,5284.390137,5208.859863,5228.669922,000,5228.669922
2002-03-04,5107.870117,5265.350098,5107.870117,5245.839844,000,5245.839844
2002-03-01,5025.959961,5116.140137,5003.060059,5097.410156,000,5097.410156
2002-02-28,4945.140137,5072.430176,4926.620117,5039.080078,000,5039.080078
2002-02-27,4913.00,5003.680176,4913.00,4960.220215,000,4960.220215
2002-02-26,4863.339844,4937.02002,4860.27002,4897.75,000,4897.75
2002-02-25,4758.830078,4867.089844,4731.410156,4863.540039,000,4863.540039
2002-02-22,4846.669922,4846.669922,4730.149902,4745.580078,000,4745.580078
2002-02-21,4797.930176,4868.129883,4788.399902,4850.72998,000,4850.72998
2002-02-20,4765.899902,4803.299805,4706.009766,4780.240234,000,4780.240234
2002-02-19,4855.700195,4855.700195,4757.72998,4764.049805,000,4764.049805
2002-02-18,4865.830078,4894.490234,4840.879883,4871.759766,000,4871.759766
2002-02-15,4967.509766,4969.859863,4856.169922,4862.600098,000,4862.600098
2002-02-14,4945.22998,4992.600098,4916.549805,4973.77002,000,4973.77002
2002-02-13,4891.009766,4945.870117,4834.149902,4935.350098,000,4935.350098
2002-02-12,4945.75,4975.569824,4858.810059,4884.779785,000,4884.779785
2002-02-11,4845.240234,4945.370117,4845.240234,4940.00,000,4940.00
2002-02-08,4850.390137,4896.549805,4806.779785,4835.950195,000,4835.950195
2002-02-07,4798.029785,4873.589844,4730.700195,4862.620117,000,4862.620117
2002-02-06,4937.189941,4946.080078,4778.359863,4804.410156,000,4804.410156
2002-02-05,4981.470215,4981.470215,4869.810059,4936.75,000,4936.75
2002-02-04,5088.830078,5093.490234,4984.47998,4984.47998,000,4984.47998
2002-02-01,5109.47998,5165.970215,5082.430176,5097.060059,000,5097.060059
2002-01-31,5068.890137,5119.509766,5054.419922,5107.609863,000,5107.609863
2002-01-30,5065.620117,5066.419922,4980.700195,5052.200195,000,5052.200195
2002-01-29,5165.060059,5205.629883,5073.069824,5084.52002,000,5084.52002
2002-01-28,5156.52002,5203.77002,5129.240234,5159.02002,000,5159.02002
2002-01-25,5168.52002,5169.799805,5081.720215,5156.629883,000,5156.629883
2002-01-24,5169.029785,5219.850098,5146.600098,5170.439941,000,5170.439941
2002-01-23,5048.810059,5169.529785,5006.259766,5163.029785,000,5163.029785
2002-01-22,5069.839844,5136.419922,5028.890137,5045.720215,000,5045.720215
2002-01-21,5122.399902,5122.399902,5021.209961,5069.740234,000,5069.740234
2002-01-18,5118.27002,5133.620117,5065.029785,5122.22998,000,5122.22998
2002-01-17,4985.370117,5135.990234,4985.370117,5133.399902,000,5133.399902
2002-01-16,5050.350098,5052.810059,4974.580078,4984.200195,000,4984.200195
2002-01-15,5059.839844,5107.560059,5029.47998,5062.040039,000,5062.040039
2002-01-14,5206.22998,5206.22998,5055.620117,5065.839844,000,5065.839844
2002-01-11,5228.089844,5270.439941,5188.430176,5209.970215,000,5209.970215
2002-01-10,5265.810059,5265.810059,5172.040039,5228.109863,000,5228.109863
2002-01-09,5228.180176,5303.810059,5180.319824,5288.209961,000,5288.209961
2002-01-08,5211.22998,5260.620117,5185.069824,5236.370117,000,5236.370117
2002-01-07,5327.399902,5347.120117,5220.990234,5232.220215,000,5232.220215
2002-01-04,5291.600098,5352.160156,5262.919922,5318.72998,000,5318.72998
2002-01-03,5175.180176,5288.22998,5175.180176,5270.290039,000,5270.290039
2002-01-02,5155.259766,5195.560059,5107.359863,5167.879883,000,5167.879883
2001-12-28,5110.220215,5175.569824,5110.220215,5160.100098,000,5160.100098
2001-12-27,5032.870117,5117.129883,5032.870117,5117.129883,000,5117.129883
2001-12-21,4930.040039,5024.810059,4877.569824,5019.009766,000,5019.009766
2001-12-20,4990.919922,5026.819824,4924.629883,4934.140137,000,4934.140137
2001-12-19,5036.029785,5061.25,4948.279785,4984.689941,000,4984.689941
2001-12-18,5061.839844,5115.790039,5037.870117,5039.640137,000,5039.640137
2001-12-17,4913.930176,5098.25,4905.279785,5067.990234,000,5067.990234
2001-12-14,4957.100098,4983.859863,4901.040039,4909.419922,000,4909.419922
2001-12-13,5053.870117,5096.819824,4947.819824,4966.049805,000,4966.049805
2001-12-12,5149.379883,5193.959961,5028.160156,5062.560059,000,5062.560059
2001-12-11,5121.680176,5169.149902,5075.430176,5146.450195,000,5146.450195
2001-12-10,5200.540039,5212.950195,5113.410156,5124.680176,000,5124.680176
2001-12-07,5277.180176,5297.899902,5199.029785,5199.029785,000,5199.029785
2001-12-06,5258.470215,5341.859863,5241.240234,5271.290039,000,5271.290039
2001-12-05,5020.069824,5282.009766,5020.069824,5262.75,000,5262.75
2001-12-04,4989.029785,5040.200195,4978.060059,5013.990234,000,5013.990234
2001-12-03,4986.580078,4996.430176,4872.25,4988.439941,000,4988.439941
2001-11-30,4954.200195,5042.430176,4954.200195,4989.910156,000,4989.910156
2001-11-29,4897.959961,4975.419922,4874.22998,4936.080078,000,4936.080078
2001-11-28,5031.149902,5031.149902,4915.149902,4915.950195,000,4915.950195
2001-11-27,5117.52002,5147.830078,4969.180176,5059.569824,000,5059.569824
2001-11-26,5159.810059,5217.470215,5106.060059,5114.120117,000,5114.120117
2001-11-23,5131.680176,5160.189941,5031.390137,5150.970215,000,5150.970215
2001-11-22,5089.899902,5143.620117,5083.75,5124.540039,000,5124.540039
2001-11-21,5091.490234,5151.990234,5040.609863,5087.029785,000,5087.029785
2001-11-20,5187.189941,5212.029785,5016.919922,5096.180176,000,5096.180176
2001-11-19,5071.629883,5193.660156,5071.629883,5185.100098,000,5185.100098
2001-11-16,5015.560059,5114.399902,4989.209961,5062.640137,000,5062.640137
2001-11-15,4960.589844,5073.25,4960.589844,5006.330078,000,5006.330078
2001-11-14,4950.740234,5047.189941,4939.830078,4953.529785,000,4953.529785
2001-11-13,4825.549805,4970.029785,4821.819824,4946.970215,000,4946.970215
2001-11-12,4907.609863,4910.120117,4648.680176,4820.370117,000,4820.370117
2001-11-09,4990.810059,4990.810059,4886.310059,4910.069824,000,4910.069824
2001-11-08,4851.379883,5005.950195,4833.589844,4993.569824,000,4993.569824
2001-11-07,4715.149902,4862.850098,4676.25,4860.660156,000,4860.660156
2001-11-06,4767.609863,4819.899902,4707.649902,4707.649902,000,4707.649902
2001-11-05,4588.689941,4755.109863,4588.689941,4755.109863,000,4755.109863
2001-11-02,4641.359863,4658.470215,4568.640137,4583.310059,000,4583.310059
2001-11-01,4556.709961,4637.180176,4481.549805,4636.129883,000,4636.129883
2001-10-31,4526.850098,4626.02002,4457.720215,4559.129883,000,4559.129883
2001-10-30,4658.52002,4658.52002,4476.609863,4543.97998,000,4543.97998
2001-10-29,4812.600098,4812.600098,4659.75,4660.350098,000,4660.350098
2001-10-26,4719.029785,4820.259766,4719.029785,4820.259766,000,4820.259766
2001-10-25,4805.029785,4874.310059,4651.350098,4715.600098,000,4715.600098
2001-10-24,4689.040039,4841.140137,4652.25,4811.819824,000,4811.819824
2001-10-23,4629.490234,4735.939941,4629.490234,4704.220215,000,4704.220215
2001-10-22,4518.359863,4633.240234,4480.160156,4619.319824,000,4619.319824
2001-10-19,4580.680176,4590.930176,4445.640137,4513.529785,000,4513.529785
2001-10-18,4628.089844,4628.089844,4493.839844,4574.370117,000,4574.370117
2001-10-17,4634.100098,4779.640137,4609.939941,4644.819824,000,4644.819824
2001-10-16,4542.279785,4636.930176,4510.75,4626.47998,000,4626.47998
2001-10-15,4619.589844,4623.950195,4496.589844,4548.47998,000,4548.47998
2001-10-12,4720.609863,4724.72998,4581.359863,4625.129883,000,4625.129883
2001-10-11,4627.720215,4742.180176,4616.680176,4718.459961,000,4718.459961
2001-10-10,4471.629883,4622.850098,4421.959961,4613.189941,000,4613.189941
2001-10-09,4488.470215,4545.680176,4436.540039,4472.419922,000,4472.419922
2001-10-08,4469.109863,4505.279785,4330.540039,4495.149902,000,4495.149902
2001-10-05,4537.52002,4592.140137,4441.319824,4487.689941,000,4487.689941
2001-10-04,4440.299805,4549.890137,4414.549805,4548.129883,000,4548.129883
2001-10-03,4304.009766,4441.549805,4181.089844,4436.660156,000,4436.660156
2001-10-02,4239.689941,4304.200195,4157.600098,4304.200195,000,4304.200195
2001-10-01,4315.060059,4316.390137,4183.660156,4239.970215,000,4239.970215
2001-09-28,4197.350098,4317.629883,4197.350098,4308.149902,000,4308.149902
2001-09-27,4095.350098,4184.50,4048.199951,4184.50,000,4184.50
2001-09-26,4014.399902,4186.040039,4014.399902,4095.320068,000,4095.320068
2001-09-25,4035.310059,4135.50,3948.639893,4009.120117,000,4009.120117
2001-09-24,3792.860107,4056.040039,3792.860107,4038.689941,000,4038.689941
2001-09-21,3805.00,3826.050049,3539.179932,3787.22998,000,3787.22998
2001-09-20,4044.97998,4110.439941,3778.179932,3809.669922,000,3809.669922
2001-09-19,4195.97998,4285.339844,4014.830078,4041.800049,000,4041.800049
2001-09-18,4237.700195,4238.169922,4122.109863,4194.850098,000,4194.850098
2001-09-17,4120.560059,4301.470215,3983.560059,4243.680176,000,4243.680176
2001-09-14,4385.879883,4441.169922,4115.97998,4115.97998,000,4115.97998
2001-09-13,4342.589844,4397.009766,4277.50,4392.399902,000,4392.399902
2001-09-12,4259.529785,4403.509766,4159.649902,4369.569824,000,4369.569824
2001-09-10,4725.160156,4758.100098,4528.069824,4670.129883,000,4670.129883
2001-09-07,4871.410156,4910.930176,4713.120117,4730.669922,000,4730.669922
2001-09-06,5058.759766,5109.930176,4849.029785,4875.370117,000,4875.370117
2001-09-05,5188.299805,5188.299805,5028.299805,5048.080078,000,5048.080078
2001-09-04,5102.279785,5220.100098,5034.720215,5208.100098,000,5208.100098
2001-09-03,5195.669922,5205.259766,5062.950195,5094.100098,000,5094.100098
2001-08-31,5160.02002,5228.450195,5132.27002,5188.169922,000,5188.169922
2001-08-30,5296.299805,5334.540039,5157.660156,5162.399902,000,5162.399902
2001-08-29,5290.680176,5347.279785,5239.990234,5305.00,000,5305.00
2001-08-28,5406.259766,5454.990234,5286.50,5308.779785,000,5308.779785
2001-08-27,5397.640137,5455.120117,5382.120117,5406.470215,000,5406.470215
2001-08-24,5268.799805,5423.540039,5268.799805,5387.50,000,5387.50
2001-08-23,5232.939941,5280.319824,5187.140137,5254.040039,000,5254.040039
2001-08-22,5204.310059,5322.990234,5141.649902,5220.209961,000,5220.209961
2001-08-21,5215.200195,5252.02002,5169.52002,5216.109863,000,5216.109863
2001-08-20,5219.75,5266.149902,5124.689941,5207.830078,000,5207.830078
2001-08-17,5370.339844,5416.149902,5174.299805,5222.120117,000,5222.120117
2001-08-16,5454.370117,5454.370117,5334.040039,5361.919922,000,5361.919922
2001-08-15,5521.459961,5530.779785,5428.509766,5455.439941,000,5455.439941
2001-08-14,5465.75,5569.049805,5465.75,5520.709961,000,5520.709961
2001-08-13,5441.100098,5499.75,5401.490234,5453.77002,000,5453.77002
2001-08-10,5523.060059,5569.930176,5387.339844,5433.490234,000,5433.490234
2001-08-09,5595.540039,5595.540039,5467.720215,5512.279785,000,5512.279785
2001-08-08,5748.680176,5748.680176,5609.399902,5614.509766,000,5614.509766
2001-08-07,5747.359863,5783.080078,5688.569824,5752.509766,000,5752.509766
2001-08-06,5734.240234,5802.680176,5708.470215,5746.040039,000,5746.040039
2001-08-03,5777.450195,5808.529785,5735.879883,5735.879883,000,5735.879883
2001-08-02,5845.629883,5930.450195,5764.290039,5777.279785,000,5777.279785
2001-08-01,5859.680176,5859.680176,5812.589844,5835.22998,000,5835.22998
2001-07-31,5802.490234,5861.189941,5754.200195,5861.189941,000,5861.189941
2001-07-30,5749.25,5830.620117,5712.47998,5792.189941,000,5792.189941
2001-07-27,5681.299805,5772.569824,5681.299805,5754.859863,000,5754.859863
2001-07-26,5594.490234,5675.759766,5572.209961,5675.759766,000,5675.759766
2001-07-25,5672.970215,5723.939941,5551.140137,5582.759766,000,5582.759766
2001-07-24,5780.75,5780.75,5659.259766,5663.259766,000,5663.259766
2001-07-23,5751.129883,5844.069824,5700.899902,5791.72998,000,5791.72998
2001-07-20,5820.290039,5820.290039,5684.560059,5764.060059,000,5764.060059
2001-07-19,5727.47998,5829.689941,5707.089844,5829.689941,000,5829.689941
2001-07-18,5838.209961,5838.209961,5710.709961,5728.370117,000,5728.370117
2001-07-17,5846.390137,5846.660156,5787.330078,5846.660156,000,5846.660156
2001-07-16,5927.450195,5928.890137,5842.140137,5853.759766,000,5853.759766
2001-07-13,5889.299805,5939.850098,5847.149902,5928.009766,000,5928.009766
2001-07-12,5814.50,5928.52002,5814.50,5889.879883,000,5889.879883
2001-07-11,5799.77002,5805.629883,5731.850098,5801.799805,000,5801.799805
2001-07-10,5869.560059,5923.52002,5805.740234,5816.319824,000,5816.319824
2001-07-09,5861.919922,5894.779785,5778.25,5869.859863,000,5869.859863
2001-07-06,5992.990234,5992.990234,5846.629883,5862.100098,000,5862.100098
2001-07-05,5993.830078,6040.970215,5947.939941,5999.189941,000,5999.189941
2001-07-04,6060.490234,6080.700195,5998.830078,6015.720215,000,6015.720215
2001-07-03,6103.899902,6108.069824,6038.220215,6056.839844,000,6056.839844
2001-07-02,6053.810059,6131.970215,6005.799805,6109.50,000,6109.50
2001-06-29,5976.02002,6058.50,5955.620117,6058.379883,000,6058.379883
2001-06-28,5835.529785,5971.77002,5758.689941,5971.77002,000,5971.77002
2001-06-27,5848.129883,5851.649902,5814.859863,5833.100098,000,5833.100098
2001-06-26,5898.25,5898.25,5766.72998,5847.790039,000,5847.790039
2001-06-25,5928.50,5948.27002,5866.390137,5902.319824,000,5902.319824
2001-06-22,5922.490234,5952.830078,5876.330078,5941.77002,000,5941.77002
2001-06-21,5881.700195,5928.430176,5833.919922,5926.379883,000,5926.379883
2001-06-20,5907.649902,5907.649902,5812.700195,5876.040039,000,5876.040039
2001-06-19,5875.310059,5980.140137,5875.310059,5922.529785,000,5922.529785
2001-06-18,5921.609863,5948.839844,5853.069824,5869.040039,000,5869.040039
2001-06-15,6019.669922,6022.75,5889.410156,5915.180176,000,5915.180176
2001-06-14,6109.660156,6109.660156,6017.00,6031.27002,000,6031.27002
2001-06-13,6071.149902,6142.97998,6071.149902,6111.939941,000,6111.939941
2001-06-12,6174.129883,6181.549805,6026.060059,6059.149902,000,6059.149902
2001-06-11,6189.060059,6225.839844,6138.049805,6162.740234,000,6162.740234
2001-06-08,6197.830078,6266.120117,6169.089844,6187.209961,000,6187.209961
2001-06-07,6184.779785,6219.089844,6156.169922,6184.25,000,6184.25
2001-06-06,6242.879883,6278.040039,6177.169922,6192.439941,000,6192.439941
2001-06-05,6183.209961,6256.990234,6154.490234,6242.129883,000,6242.129883
2001-06-04,6134.100098,6185.77002,6134.100098,6177.740234,000,6177.740234
2001-06-01,6122.959961,6174.109863,6054.169922,6125.169922,000,6125.169922
2001-05-31,6035.609863,6148.299805,5994.660156,6123.259766,000,6123.259766
2001-05-30,6120.459961,6120.459961,6041.200195,6041.220215,000,6041.220215
2001-05-29,6219.049805,6235.299805,6112.810059,6120.330078,000,6120.330078
2001-05-28,6225.660156,6255.189941,6189.390137,6216.830078,000,6216.830078
2001-05-25,6281.140137,6303.720215,6204.540039,6223.569824,000,6223.569824
2001-05-24,6209.97998,6306.350098,6193.160156,6278.899902,000,6278.899902
2001-05-23,6259.97998,6288.950195,6209.27002,6215.25,000,6215.25
2001-05-22,6250.319824,6337.470215,6245.649902,6270.589844,000,6270.589844
2001-05-21,6193.129883,6260.129883,6139.240234,6249.870117,000,6249.870117
2001-05-18,6168.640137,6213.120117,6124.939941,6186.870117,000,6186.870117
2001-05-17,6167.109863,6226.580078,6139.669922,6173.810059,000,6173.810059
2001-05-16,6060.75,6157.740234,5960.459961,6148.439941,000,6148.439941
2001-05-15,6072.870117,6095.709961,6027.450195,6070.379883,000,6070.379883
2001-05-14,6122.450195,6122.450195,6040.27002,6064.680176,000,6064.680176
2001-05-11,6161.529785,6192.379883,6122.890137,6141.02002,000,6141.02002
2001-05-10,6047.169922,6222.240234,6047.169922,6165.180176,000,6165.180176
2001-05-09,6107.330078,6107.330078,6025.859863,6063.939941,000,6063.939941
2001-05-08,6111.600098,6172.77002,6071.669922,6108.720215,000,6108.720215
2001-05-07,6137.919922,6193.450195,6097.97998,6122.620117,000,6122.620117
2001-05-04,6096.620117,6138.279785,6001.509766,6138.279785,000,6138.279785
2001-05-03,6211.649902,6236.459961,6061.589844,6089.169922,000,6089.169922
2001-05-02,6272.029785,6296.620117,6185.140137,6213.839844,000,6213.839844
2001-04-30,6176.72998,6271.200195,6176.72998,6264.509766,000,6264.509766
2001-04-27,6116.830078,6186.680176,6075.049805,6175.240234,000,6175.240234
2001-04-26,6120.149902,6164.629883,6058.459961,6123.660156,000,6123.660156
2001-04-25,6124.209961,6140.839844,6060.660156,6115.189941,000,6115.189941
2001-04-24,6059.370117,6164.02002,6042.689941,6124.569824,000,6124.569824
2001-04-23,6118.240234,6119.350098,6032.740234,6051.47998,000,6051.47998
2001-04-20,6176.180176,6198.169922,6100.870117,6127.970215,000,6127.970215
2001-04-19,6178.009766,6224.299805,6107.430176,6181.910156,000,6181.910156
2001-04-18,5941.240234,6188.77002,5941.240234,6164.879883,000,6164.879883
2001-04-17,6004.319824,6004.319824,5827.620117,5935.580078,000,5935.580078
2001-04-12,5953.390137,6013.379883,5910.459961,6002.299805,000,6002.299805
2001-04-11,5925.299805,6019.259766,5879.22998,5951.160156,000,5951.160156
2001-04-10,5787.240234,5917.779785,5787.240234,5913.839844,000,5913.839844
2001-04-09,5695.77002,5809.879883,5657.870117,5781.009766,000,5781.009766
2001-04-06,5790.930176,5839.109863,5651.830078,5698.879883,000,5698.879883
2001-04-05,5615.080078,5781.709961,5615.080078,5773.339844,000,5773.339844
2001-04-04,5537.939941,5632.129883,5383.990234,5597.660156,000,5597.660156
2001-04-03,5747.049805,5747.049805,5511.759766,5553.459961,000,5553.459961
2001-04-02,5843.370117,5912.259766,5702.930176,5760.759766,000,5760.759766
2001-03-30,5870.100098,5944.25,5805.27002,5829.950195,000,5829.950195
2001-03-29,5812.649902,5879.299805,5713.560059,5879.299805,000,5879.299805
2001-03-28,5938.209961,5938.209961,5775.439941,5817.52002,000,5817.52002
2001-03-27,5724.149902,5938.209961,5689.180176,5938.209961,000,5938.209961
2001-03-26,5557.819824,5756.589844,5557.819824,5726.970215,000,5726.970215
2001-03-23,5396.629883,5574.990234,5396.629883,5544.669922,000,5544.669922
2001-03-22,5599.02002,5621.060059,5351.47998,5388.02002,000,5388.02002
2001-03-21,5780.600098,5780.600098,5600.890137,5622.089844,000,5622.089844
2001-03-20,5663.660156,5788.990234,5663.660156,5782.160156,000,5782.160156
2001-03-19,5732.850098,5805.709961,5650.299805,5657.290039,000,5657.290039
2001-03-16,5881.620117,5907.069824,5728.879883,5734.490234,000,5734.490234
2001-03-15,5819.689941,5889.950195,5767.060059,5889.950195,000,5889.950195
2001-03-14,5969.509766,6025.930176,5663.540039,5794.120117,000,5794.120117
2001-03-13,6038.850098,6038.850098,5935.069824,5962.930176,000,5962.930176
2001-03-12,6202.370117,6202.370117,6043.339844,6046.560059,000,6046.560059
2001-03-09,6264.220215,6264.220215,6193.330078,6204.419922,000,6204.419922
2001-03-08,6308.72998,6339.919922,6245.720215,6267.060059,000,6267.060059
2001-03-07,6274.209961,6342.540039,6249.700195,6305.640137,000,6305.640137
2001-03-06,6218.120117,6310.180176,6218.120117,6284.060059,000,6284.060059
2001-03-05,6172.350098,6218.790039,6134.02002,6216.379883,000,6216.379883
2001-03-02,6123.589844,6183.910156,6052.009766,6159.02002,000,6159.02002
2001-03-01,6212.660156,6212.660156,6094.759766,6123.379883,000,6123.379883
2001-02-28,6221.700195,6284.810059,6170.00,6208.240234,000,6208.240234
2001-02-27,6191.870117,6254.819824,6162.509766,6220.47998,000,6220.47998
2001-02-26,6079.970215,6209.129883,6079.970215,6189.069824,000,6189.069824
2001-02-23,6279.279785,6312.100098,6071.350098,6075.339844,000,6075.339844
2001-02-22,6347.430176,6363.549805,6216.52002,6277.990234,000,6277.990234
2001-02-21,6453.759766,6453.759766,6312.140137,6347.990234,000,6347.990234
2001-02-20,6471.029785,6530.129883,6425.649902,6451.569824,000,6451.569824
2001-02-19,6441.259766,6493.609863,6441.259766,6472.209961,000,6472.209961
2001-02-16,6587.459961,6587.459961,6439.259766,6439.259766,000,6439.259766
2001-02-15,6480.339844,6591.669922,6480.339844,6591.669922,000,6591.669922
2001-02-14,6556.089844,6556.089844,6444.160156,6479.870117,000,6479.870117
2001-02-13,6567.850098,6603.169922,6545.02002,6557.930176,000,6557.930176
2001-02-12,6498.930176,6572.370117,6498.930176,6564.910156,000,6564.910156
2001-02-09,6637.129883,6637.129883,6497.069824,6497.069824,000,6497.069824
2001-02-08,6585.399902,6662.77002,6580.240234,6636.810059,000,6636.810059
2001-02-07,6691.359863,6691.359863,6578.959961,6578.959961,000,6578.959961
2001-02-06,6632.490234,6693.450195,6620.029785,6693.029785,000,6693.029785
2001-02-05,6633.779785,6635.799805,6592.209961,6628.069824,000,6628.069824
2001-02-02,6709.899902,6750.990234,6624.189941,6638.200195,000,6638.200195
2001-02-01,6788.569824,6788.569824,6704.680176,6704.680176,000,6704.680176
2001-01-31,6745.899902,6795.140137,6720.569824,6795.140137,000,6795.140137
2001-01-30,6746.120117,6792.810059,6706.160156,6739.299805,000,6739.299805
2001-01-29,6699.100098,6750.959961,6659.97998,6750.959961,000,6750.959961
2001-01-26,6713.399902,6713.399902,6650.339844,6695.200195,000,6695.200195
2001-01-25,6700.970215,6775.259766,6677.810059,6727.490234,000,6727.490234
2001-01-24,6723.209961,6759.009766,6690.720215,6706.669922,000,6706.669922
2001-01-23,6678.220215,6722.410156,6601.879883,6722.410156,000,6722.410156
2001-01-22,6652.459961,6688.830078,6594.189941,6675.00,000,6675.00
2001-01-19,6644.419922,6737.180176,6632.810059,6651.529785,000,6651.529785
2001-01-18,6642.700195,6661.120117,6587.509766,6635.759766,000,6635.759766
2001-01-17,6540.040039,6668.669922,6540.040039,6653.379883,000,6653.379883
2001-01-16,6521.279785,6539.640137,6452.620117,6502.890137,000,6502.890137
2001-01-15,6506.700195,6553.75,6481.169922,6522.870117,000,6522.870117
2001-01-12,6480.819824,6552.52002,6467.120117,6490.029785,000,6490.029785
2001-01-11,6320.939941,6477.660156,6320.939941,6465.209961,000,6465.209961
2001-01-10,6402.189941,6413.560059,6293.490234,6320.069824,000,6320.069824
2001-01-09,6408.060059,6462.50,6354.970215,6404.52002,000,6404.52002
2001-01-08,6368.830078,6426.640137,6337.950195,6392.169922,000,6392.169922
2001-01-05,6383.330078,6485.339844,6344.160156,6382.310059,000,6382.310059
2001-01-04,6443.870117,6556.939941,6356.919922,6376.540039,000,6376.540039
2001-01-03,6284.870117,6467.819824,6172.439941,6434.959961,000,6434.959961
2001-01-02,6431.140137,6439.22998,6289.819824,6289.819824,000,6289.819824
